-- phpMyAdmin SQL Dump
-- version 5.2.1
-- https://www.phpmyadmin.net/
--
-- Host: localhost:3306
-- Waktu pembuatan: 30 Nov 2025 pada 06.43
-- Versi server: 8.0.30
-- Versi PHP: 8.3.14

SET SQL_MODE = "NO_AUTO_VALUE_ON_ZERO";
START TRANSACTION;
SET time_zone = "+00:00";


/*!40101 SET @OLD_CHARACTER_SET_CLIENT=@@CHARACTER_SET_CLIENT */;
/*!40101 SET @OLD_CHARACTER_SET_RESULTS=@@CHARACTER_SET_RESULTS */;
/*!40101 SET @OLD_COLLATION_CONNECTION=@@COLLATION_CONNECTION */;
/*!40101 SET NAMES utf8mb4 */;

--
-- Database: `bioskop_test`
--

-- --------------------------------------------------------

--
-- Struktur dari tabel `cabangs`
--

CREATE TABLE `cabangs` (
  `id_cabang` bigint UNSIGNED NOT NULL,
  `nama_cabang` varchar(100) COLLATE utf8mb4_unicode_ci DEFAULT NULL,
  `alamat` varchar(100) COLLATE utf8mb4_unicode_ci DEFAULT NULL,
  `kode_cabang_kota` varchar(10) COLLATE utf8mb4_unicode_ci DEFAULT NULL,
  `created_at` timestamp NULL DEFAULT NULL,
  `updated_at` timestamp NULL DEFAULT NULL
) ENGINE=InnoDB DEFAULT CHARSET=utf8mb4 COLLATE=utf8mb4_unicode_ci;

--
-- Dumping data untuk tabel `cabangs`
--

INSERT INTO `cabangs` (`id_cabang`, `nama_cabang`, `alamat`, `kode_cabang_kota`, `created_at`, `updated_at`) VALUES
(1, 'Bioskop Central Plaza', 'Jl. Sudirman No. 123, Jakarta Pusat', 'JKT1', '2025-11-29 23:42:37', '2025-11-29 23:42:37'),
(2, 'Bioskop Mall Kelapa Gading', 'Jl. Kelapa Gading Boulevard, Jakarta Utara', 'JKT2', '2025-11-29 23:42:37', '2025-11-29 23:42:37'),
(3, 'Bioskop Plaza Indonesia', 'Jl. M.H. Thamrin Kav. 28-30, Jakarta Pusat', 'JKT3', '2025-11-29 23:42:37', '2025-11-29 23:42:37'),
(4, 'Bioskop Pondok Indah Mall', 'Jl. Metro Pondok Indah, Jakarta Selatan', 'JKT4', '2025-11-29 23:42:37', '2025-11-29 23:42:37'),
(5, 'Bioskop Grand Indonesia', 'Jl. M.H. Thamrin No. 1, Jakarta Pusat', 'JKT5', '2025-11-29 23:42:37', '2025-11-29 23:42:37');

-- --------------------------------------------------------

--
-- Struktur dari tabel `cache`
--

CREATE TABLE `cache` (
  `key` varchar(255) COLLATE utf8mb4_unicode_ci NOT NULL,
  `value` mediumtext COLLATE utf8mb4_unicode_ci NOT NULL,
  `expiration` int NOT NULL
) ENGINE=InnoDB DEFAULT CHARSET=utf8mb4 COLLATE=utf8mb4_unicode_ci;

-- --------------------------------------------------------

--
-- Struktur dari tabel `cache_locks`
--

CREATE TABLE `cache_locks` (
  `key` varchar(255) COLLATE utf8mb4_unicode_ci NOT NULL,
  `owner` varchar(255) COLLATE utf8mb4_unicode_ci NOT NULL,
  `expiration` int NOT NULL
) ENGINE=InnoDB DEFAULT CHARSET=utf8mb4 COLLATE=utf8mb4_unicode_ci;

-- --------------------------------------------------------

--
-- Struktur dari tabel `detail_transaksis`
--

CREATE TABLE `detail_transaksis` (
  `id_detail_transaksi` bigint UNSIGNED NOT NULL,
  `id_transaksi` bigint UNSIGNED DEFAULT NULL,
  `id_jadwal` bigint UNSIGNED DEFAULT NULL,
  `seat_id` bigint UNSIGNED DEFAULT NULL,
  `id_studio` bigint UNSIGNED DEFAULT NULL,
  `harga` int DEFAULT NULL,
  `created_at` timestamp NULL DEFAULT NULL
) ENGINE=InnoDB DEFAULT CHARSET=utf8mb4 COLLATE=utf8mb4_unicode_ci;

--
-- Dumping data untuk tabel `detail_transaksis`
--

INSERT INTO `detail_transaksis` (`id_detail_transaksi`, `id_transaksi`, `id_jadwal`, `seat_id`, `id_studio`, `harga`, `created_at`) VALUES
(1, 1, 1, 25, 1, 50000, '2025-11-29 03:30:00'),
(2, 1, 1, 26, 1, 50000, '2025-11-29 03:30:00'),
(3, 1, 1, 27, 1, 50000, '2025-11-29 03:30:00'),
(4, 2, 2, 40, 1, 50000, '2025-11-29 04:15:00'),
(5, 2, 2, 41, 1, 50000, '2025-11-29 04:15:00'),
(6, 3, 14, 433, 4, 100000, '2025-11-29 05:00:00'),
(7, 3, 14, 434, 4, 100000, '2025-11-29 05:00:00'),
(8, 4, 18, 580, 5, 40000, '2025-11-29 06:30:00'),
(9, 4, 18, 581, 5, 40000, '2025-11-29 06:30:00'),
(10, 4, 18, 555, 5, 40000, '2025-11-29 06:30:00'),
(11, 5, 22, 745, 7, 60000, '2025-11-29 07:45:00'),
(12, 5, 22, 746, 7, 60000, '2025-11-29 07:45:00'),
(13, 5, 22, 747, 7, 60000, '2025-11-29 07:45:00'),
(14, 6, 24, 885, 8, 80000, '2025-11-29 09:20:00'),
(15, 6, 24, 886, 8, 80000, '2025-11-29 09:20:00'),
(16, 7, 27, 1025, 9, 70000, '2025-11-29 10:10:00'),
(17, 7, 27, 1026, 9, 70000, '2025-11-29 10:10:00'),
(18, 8, 31, 1305, 11, 100000, '2025-11-29 11:30:00'),
(19, 8, 31, 1306, 11, 100000, '2025-11-29 11:30:00'),
(20, 8, 31, 1307, 11, 100000, '2025-11-29 11:30:00');

-- --------------------------------------------------------

--
-- Struktur dari tabel `failed_jobs`
--

CREATE TABLE `failed_jobs` (
  `id` bigint UNSIGNED NOT NULL,
  `uuid` varchar(255) COLLATE utf8mb4_unicode_ci NOT NULL,
  `connection` text COLLATE utf8mb4_unicode_ci NOT NULL,
  `queue` text COLLATE utf8mb4_unicode_ci NOT NULL,
  `payload` longtext COLLATE utf8mb4_unicode_ci NOT NULL,
  `exception` longtext COLLATE utf8mb4_unicode_ci NOT NULL,
  `failed_at` timestamp NOT NULL DEFAULT CURRENT_TIMESTAMP
) ENGINE=InnoDB DEFAULT CHARSET=utf8mb4 COLLATE=utf8mb4_unicode_ci;

-- --------------------------------------------------------

--
-- Struktur dari tabel `films`
--

CREATE TABLE `films` (
  `id_film` bigint UNSIGNED NOT NULL,
  `judul` varchar(100) COLLATE utf8mb4_unicode_ci DEFAULT NULL,
  `sinopsis` text COLLATE utf8mb4_unicode_ci,
  `durasi_menit` int DEFAULT NULL,
  `rating_usia` varchar(5) COLLATE utf8mb4_unicode_ci DEFAULT NULL,
  `harga_film` int DEFAULT NULL,
  `created_at` timestamp NULL DEFAULT NULL,
  `updated_at` timestamp NULL DEFAULT NULL
) ENGINE=InnoDB DEFAULT CHARSET=utf8mb4 COLLATE=utf8mb4_unicode_ci;

--
-- Dumping data untuk tabel `films`
--

INSERT INTO `films` (`id_film`, `judul`, `sinopsis`, `durasi_menit`, `rating_usia`, `harga_film`, `created_at`, `updated_at`) VALUES
(1, 'Avatar: The Way of Water', 'Sekuel dari Avatar yang mengikuti keluarga Jake Sully dalam petualangan baru di planet Pandora.', 192, 'PG-13', 75000, '2025-11-29 23:42:37', '2025-11-29 23:42:37'),
(2, 'Top Gun: Maverick', 'Pete \"Maverick\" Mitchell kembali sebagai pilot test yang menantang batas-batas kecepatan.', 130, 'PG-13', 70000, '2025-11-29 23:42:37', '2025-11-29 23:42:37'),
(3, 'Spider-Man: No Way Home', 'Peter Parker menghadapi konsekuensi setelah identitasnya sebagai Spider-Man terungkap.', 148, 'PG-13', 80000, '2025-11-29 23:42:37', '2025-11-29 23:42:37'),
(4, 'Black Panther: Wakanda Forever', 'Rakyat Wakanda berjuang untuk melindungi negara mereka setelah kematian Raja T\'Challa.', 161, 'PG-13', 72000, '2025-11-29 23:42:37', '2025-11-29 23:42:37'),
(5, 'Jurassic World Dominion', 'Dinosaurus hidup berdampingan dengan manusia di seluruh dunia dalam petualangan epik ini.', 147, 'PG-13', 68000, '2025-11-29 23:42:37', '2025-11-29 23:42:37'),
(6, 'The Batman', 'Bruce Wayne dalam tahun kedua sebagai Batman mengungkap korupsi di Gotham City.', 176, 'PG-13', 77000, '2025-11-29 23:42:37', '2025-11-29 23:42:37'),
(7, 'Encanto', 'Seorang gadis dari keluarga ajaib berjuang menyelamatkan keajaiban keluarganya.', 102, 'G', 60000, '2025-11-29 23:42:37', '2025-11-29 23:42:37'),
(8, 'Dune', 'Paul Atreides menjalani takdirnya di planet gurun Arrakis dalam epik fiksi ilmiah ini.', 155, 'PG-13', 73000, '2025-11-29 23:42:37', '2025-11-29 23:42:37');

-- --------------------------------------------------------

--
-- Struktur dari tabel `jadwal_tayangs`
--

CREATE TABLE `jadwal_tayangs` (
  `id_jadwal` bigint UNSIGNED NOT NULL,
  `id_studio` bigint UNSIGNED DEFAULT NULL,
  `id_film` bigint UNSIGNED DEFAULT NULL,
  `waktu_mulai` time DEFAULT NULL,
  `created_at` timestamp NULL DEFAULT NULL,
  `updated_at` timestamp NULL DEFAULT NULL
) ENGINE=InnoDB DEFAULT CHARSET=utf8mb4 COLLATE=utf8mb4_unicode_ci;

--
-- Dumping data untuk tabel `jadwal_tayangs`
--

INSERT INTO `jadwal_tayangs` (`id_jadwal`, `id_studio`, `id_film`, `waktu_mulai`, `created_at`, `updated_at`) VALUES
(1, 1, 1, '09:00:00', '2025-11-29 23:42:38', '2025-11-29 23:42:38'),
(2, 1, 2, '12:30:00', '2025-11-29 23:42:38', '2025-11-29 23:42:38'),
(3, 1, 3, '15:45:00', '2025-11-29 23:42:38', '2025-11-29 23:42:38'),
(4, 1, 4, '19:00:00', '2025-11-29 23:42:38', '2025-11-29 23:42:38'),
(5, 1, 5, '21:30:00', '2025-11-29 23:42:38', '2025-11-29 23:42:38'),
(6, 2, 1, '10:00:00', '2025-11-29 23:42:38', '2025-11-29 23:42:38'),
(7, 2, 6, '13:30:00', '2025-11-29 23:42:38', '2025-11-29 23:42:38'),
(8, 2, 8, '17:00:00', '2025-11-29 23:42:38', '2025-11-29 23:42:38'),
(9, 2, 4, '20:30:00', '2025-11-29 23:42:38', '2025-11-29 23:42:38'),
(10, 3, 7, '10:30:00', '2025-11-29 23:42:38', '2025-11-29 23:42:38'),
(11, 3, 2, '13:00:00', '2025-11-29 23:42:38', '2025-11-29 23:42:38'),
(12, 3, 5, '16:15:00', '2025-11-29 23:42:38', '2025-11-29 23:42:38'),
(13, 3, 3, '19:30:00', '2025-11-29 23:42:38', '2025-11-29 23:42:38'),
(14, 4, 6, '11:00:00', '2025-11-29 23:42:38', '2025-11-29 23:42:38'),
(15, 4, 8, '14:30:00', '2025-11-29 23:42:38', '2025-11-29 23:42:38'),
(16, 4, 1, '18:00:00', '2025-11-29 23:42:38', '2025-11-29 23:42:38'),
(17, 4, 4, '21:15:00', '2025-11-29 23:42:38', '2025-11-29 23:42:38'),
(18, 5, 2, '09:30:00', '2025-11-29 23:42:38', '2025-11-29 23:42:38'),
(19, 5, 3, '12:45:00', '2025-11-29 23:42:38', '2025-11-29 23:42:38'),
(20, 5, 5, '16:00:00', '2025-11-29 23:42:38', '2025-11-29 23:42:38'),
(21, 5, 7, '19:15:00', '2025-11-29 23:42:38', '2025-11-29 23:42:38'),
(22, 6, 1, '10:15:00', '2025-11-29 23:42:38', '2025-11-29 23:42:38'),
(23, 6, 8, '14:00:00', '2025-11-29 23:42:38', '2025-11-29 23:42:38'),
(24, 7, 6, '11:30:00', '2025-11-29 23:42:38', '2025-11-29 23:42:38'),
(25, 7, 4, '15:45:00', '2025-11-29 23:42:38', '2025-11-29 23:42:38'),
(26, 8, 2, '13:15:00', '2025-11-29 23:42:38', '2025-11-29 23:42:38'),
(27, 8, 5, '17:30:00', '2025-11-29 23:42:38', '2025-11-29 23:42:38'),
(28, 9, 3, '12:00:00', '2025-11-29 23:42:38', '2025-11-29 23:42:38'),
(29, 9, 7, '16:30:00', '2025-11-29 23:42:38', '2025-11-29 23:42:38'),
(30, 10, 1, '14:15:00', '2025-11-29 23:42:38', '2025-11-29 23:42:38'),
(31, 10, 8, '18:30:00', '2025-11-29 23:42:38', '2025-11-29 23:42:38'),
(32, 11, 6, '10:45:00', '2025-11-29 23:42:38', '2025-11-29 23:42:38'),
(33, 11, 4, '15:15:00', '2025-11-29 23:42:38', '2025-11-29 23:42:38'),
(34, 12, 2, '13:45:00', '2025-11-29 23:42:38', '2025-11-29 23:42:38'),
(35, 12, 5, '17:15:00', '2025-11-29 23:42:38', '2025-11-29 23:42:38');

-- --------------------------------------------------------

--
-- Struktur dari tabel `jobs`
--

CREATE TABLE `jobs` (
  `id` bigint UNSIGNED NOT NULL,
  `queue` varchar(255) COLLATE utf8mb4_unicode_ci NOT NULL,
  `payload` longtext COLLATE utf8mb4_unicode_ci NOT NULL,
  `attempts` tinyint UNSIGNED NOT NULL,
  `reserved_at` int UNSIGNED DEFAULT NULL,
  `available_at` int UNSIGNED NOT NULL,
  `created_at` int UNSIGNED NOT NULL
) ENGINE=InnoDB DEFAULT CHARSET=utf8mb4 COLLATE=utf8mb4_unicode_ci;

-- --------------------------------------------------------

--
-- Struktur dari tabel `job_batches`
--

CREATE TABLE `job_batches` (
  `id` varchar(255) COLLATE utf8mb4_unicode_ci NOT NULL,
  `name` varchar(255) COLLATE utf8mb4_unicode_ci NOT NULL,
  `total_jobs` int NOT NULL,
  `pending_jobs` int NOT NULL,
  `failed_jobs` int NOT NULL,
  `failed_job_ids` longtext COLLATE utf8mb4_unicode_ci NOT NULL,
  `options` mediumtext COLLATE utf8mb4_unicode_ci,
  `cancelled_at` int DEFAULT NULL,
  `created_at` int NOT NULL,
  `finished_at` int DEFAULT NULL
) ENGINE=InnoDB DEFAULT CHARSET=utf8mb4 COLLATE=utf8mb4_unicode_ci;

-- --------------------------------------------------------

--
-- Struktur dari tabel `log_transaksis`
--

CREATE TABLE `log_transaksis` (
  `id` bigint UNSIGNED NOT NULL,
  `created_at` timestamp NULL DEFAULT NULL,
  `updated_at` timestamp NULL DEFAULT NULL,
  `id_cabang` bigint UNSIGNED DEFAULT NULL,
  `id_pelanggan` bigint UNSIGNED DEFAULT NULL,
  `id_studio` bigint UNSIGNED DEFAULT NULL,
  `id_film` bigint UNSIGNED DEFAULT NULL,
  `id_jadwal` bigint UNSIGNED DEFAULT NULL,
  `seat_id` bigint UNSIGNED DEFAULT NULL,
  `id_transaksi` bigint UNSIGNED DEFAULT NULL,
  `id_detail_transaksi` bigint UNSIGNED DEFAULT NULL,
  `total_bayar` int DEFAULT NULL,
  `waktu_transaksi` timestamp NULL DEFAULT NULL
) ENGINE=InnoDB DEFAULT CHARSET=utf8mb4 COLLATE=utf8mb4_unicode_ci;

-- --------------------------------------------------------

--
-- Struktur dari tabel `migrations`
--

CREATE TABLE `migrations` (
  `id` int UNSIGNED NOT NULL,
  `migration` varchar(255) COLLATE utf8mb4_unicode_ci NOT NULL,
  `batch` int NOT NULL
) ENGINE=InnoDB DEFAULT CHARSET=utf8mb4 COLLATE=utf8mb4_unicode_ci;

--
-- Dumping data untuk tabel `migrations`
--

INSERT INTO `migrations` (`id`, `migration`, `batch`) VALUES
(13, '0001_01_01_000000_create_users_table', 1),
(14, '0001_01_01_000001_create_cache_table', 1),
(15, '0001_01_01_000002_create_jobs_table', 1),
(16, '2025_11_29_000001_create_cabangs_table', 1),
(17, '2025_11_29_000002_create_films_table', 1),
(18, '2025_11_29_000003_create_pelanggans_table', 1),
(19, '2025_11_29_000004_create_studios_table', 1),
(20, '2025_11_29_000005_create_seat_maps_table', 1),
(21, '2025_11_29_000006_create_jadwal_tayangs_table', 1),
(22, '2025_11_29_000007_create_transaksis_table', 1),
(23, '2025_11_29_000008_create_detail_transaksis_table', 1),
(24, '2025_11_29_140533_create_log_transaksis_table', 1);

-- --------------------------------------------------------

--
-- Struktur dari tabel `password_reset_tokens`
--

CREATE TABLE `password_reset_tokens` (
  `email` varchar(255) COLLATE utf8mb4_unicode_ci NOT NULL,
  `token` varchar(255) COLLATE utf8mb4_unicode_ci NOT NULL,
  `created_at` timestamp NULL DEFAULT NULL
) ENGINE=InnoDB DEFAULT CHARSET=utf8mb4 COLLATE=utf8mb4_unicode_ci;

-- --------------------------------------------------------

--
-- Struktur dari tabel `pelanggans`
--

CREATE TABLE `pelanggans` (
  `id_pelanggan` bigint UNSIGNED NOT NULL,
  `nama` varchar(100) COLLATE utf8mb4_unicode_ci DEFAULT NULL,
  `email` varchar(100) COLLATE utf8mb4_unicode_ci DEFAULT NULL,
  `telp` varchar(15) COLLATE utf8mb4_unicode_ci DEFAULT NULL,
  `created_at` timestamp NULL DEFAULT NULL,
  `updated_at` timestamp NULL DEFAULT NULL
) ENGINE=InnoDB DEFAULT CHARSET=utf8mb4 COLLATE=utf8mb4_unicode_ci;

--
-- Dumping data untuk tabel `pelanggans`
--

INSERT INTO `pelanggans` (`id_pelanggan`, `nama`, `email`, `telp`, `created_at`, `updated_at`) VALUES
(1, 'Ahmad Wijaya', 'ahmad.wijaya@email.com', '08123456789', '2025-11-29 23:42:37', '2025-11-29 23:42:37'),
(2, 'Sari Dewi', 'sari.dewi@email.com', '08234567890', '2025-11-29 23:42:37', '2025-11-29 23:42:37'),
(3, 'Budi Santoso', 'budi.santoso@email.com', '08345678901', '2025-11-29 23:42:37', '2025-11-29 23:42:37'),
(4, 'Maya Putri', 'maya.putri@email.com', '08456789012', '2025-11-29 23:42:37', '2025-11-29 23:42:37'),
(5, 'Rizki Pratama', 'rizki.pratama@email.com', '08567890123', '2025-11-29 23:42:37', '2025-11-29 23:42:37'),
(6, 'Indah Sari', 'indah.sari@email.com', '08678901234', '2025-11-29 23:42:37', '2025-11-29 23:42:37'),
(7, 'Dedi Kurniawan', 'dedi.kurniawan@email.com', '08789012345', '2025-11-29 23:42:37', '2025-11-29 23:42:37'),
(8, 'Lia Maharani', 'lia.maharani@email.com', '08890123456', '2025-11-29 23:42:37', '2025-11-29 23:42:37');

-- --------------------------------------------------------

--
-- Struktur dari tabel `seat_maps`
--

CREATE TABLE `seat_maps` (
  `seat_id` bigint UNSIGNED NOT NULL,
  `id_studio` bigint UNSIGNED DEFAULT NULL,
  `seat_code` varchar(5) COLLATE utf8mb4_unicode_ci DEFAULT NULL,
  `no_baris` varchar(4) COLLATE utf8mb4_unicode_ci DEFAULT NULL,
  `no_kolom` varchar(4) COLLATE utf8mb4_unicode_ci DEFAULT NULL,
  `updated_at` timestamp NULL DEFAULT NULL
) ENGINE=InnoDB DEFAULT CHARSET=utf8mb4 COLLATE=utf8mb4_unicode_ci;

--
-- Dumping data untuk tabel `seat_maps`
--

INSERT INTO `seat_maps` (`seat_id`, `id_studio`, `seat_code`, `no_baris`, `no_kolom`, `updated_at`) VALUES
(1, 1, 'A01', 'A', '01', '2025-11-29 23:42:37'),
(2, 1, 'A02', 'A', '02', '2025-11-29 23:42:37'),
(3, 1, 'A03', 'A', '03', '2025-11-29 23:42:37'),
(4, 1, 'A04', 'A', '04', '2025-11-29 23:42:37'),
(5, 1, 'A05', 'A', '05', '2025-11-29 23:42:37'),
(6, 1, 'A06', 'A', '06', '2025-11-29 23:42:37'),
(7, 1, 'A07', 'A', '07', '2025-11-29 23:42:37'),
(8, 1, 'A08', 'A', '08', '2025-11-29 23:42:37'),
(9, 1, 'A09', 'A', '09', '2025-11-29 23:42:37'),
(10, 1, 'A10', 'A', '10', '2025-11-29 23:42:37'),
(11, 1, 'A11', 'A', '11', '2025-11-29 23:42:37'),
(12, 1, 'A12', 'A', '12', '2025-11-29 23:42:37'),
(13, 1, 'B01', 'B', '01', '2025-11-29 23:42:37'),
(14, 1, 'B02', 'B', '02', '2025-11-29 23:42:37'),
(15, 1, 'B03', 'B', '03', '2025-11-29 23:42:37'),
(16, 1, 'B04', 'B', '04', '2025-11-29 23:42:37'),
(17, 1, 'B05', 'B', '05', '2025-11-29 23:42:37'),
(18, 1, 'B06', 'B', '06', '2025-11-29 23:42:37'),
(19, 1, 'B07', 'B', '07', '2025-11-29 23:42:37'),
(20, 1, 'B08', 'B', '08', '2025-11-29 23:42:37'),
(21, 1, 'B09', 'B', '09', '2025-11-29 23:42:37'),
(22, 1, 'B10', 'B', '10', '2025-11-29 23:42:37'),
(23, 1, 'B11', 'B', '11', '2025-11-29 23:42:37'),
(24, 1, 'B12', 'B', '12', '2025-11-29 23:42:37'),
(25, 1, 'C01', 'C', '01', '2025-11-29 23:42:37'),
(26, 1, 'C02', 'C', '02', '2025-11-29 23:42:37'),
(27, 1, 'C03', 'C', '03', '2025-11-29 23:42:37'),
(28, 1, 'C04', 'C', '04', '2025-11-29 23:42:37'),
(29, 1, 'C05', 'C', '05', '2025-11-29 23:42:37'),
(30, 1, 'C06', 'C', '06', '2025-11-29 23:42:37'),
(31, 1, 'C07', 'C', '07', '2025-11-29 23:42:37'),
(32, 1, 'C08', 'C', '08', '2025-11-29 23:42:37'),
(33, 1, 'C09', 'C', '09', '2025-11-29 23:42:37'),
(34, 1, 'C10', 'C', '10', '2025-11-29 23:42:37'),
(35, 1, 'C11', 'C', '11', '2025-11-29 23:42:37'),
(36, 1, 'C12', 'C', '12', '2025-11-29 23:42:37'),
(37, 1, 'D01', 'D', '01', '2025-11-29 23:42:37'),
(38, 1, 'D02', 'D', '02', '2025-11-29 23:42:37'),
(39, 1, 'D03', 'D', '03', '2025-11-29 23:42:37'),
(40, 1, 'D04', 'D', '04', '2025-11-29 23:42:37'),
(41, 1, 'D05', 'D', '05', '2025-11-29 23:42:37'),
(42, 1, 'D06', 'D', '06', '2025-11-29 23:42:37'),
(43, 1, 'D07', 'D', '07', '2025-11-29 23:42:37'),
(44, 1, 'D08', 'D', '08', '2025-11-29 23:42:37'),
(45, 1, 'D09', 'D', '09', '2025-11-29 23:42:37'),
(46, 1, 'D10', 'D', '10', '2025-11-29 23:42:37'),
(47, 1, 'D11', 'D', '11', '2025-11-29 23:42:37'),
(48, 1, 'D12', 'D', '12', '2025-11-29 23:42:37'),
(49, 1, 'E01', 'E', '01', '2025-11-29 23:42:37'),
(50, 1, 'E02', 'E', '02', '2025-11-29 23:42:37'),
(51, 1, 'E03', 'E', '03', '2025-11-29 23:42:37'),
(52, 1, 'E04', 'E', '04', '2025-11-29 23:42:37'),
(53, 1, 'E05', 'E', '05', '2025-11-29 23:42:37'),
(54, 1, 'E06', 'E', '06', '2025-11-29 23:42:37'),
(55, 1, 'E07', 'E', '07', '2025-11-29 23:42:37'),
(56, 1, 'E08', 'E', '08', '2025-11-29 23:42:37'),
(57, 1, 'E09', 'E', '09', '2025-11-29 23:42:37'),
(58, 1, 'E10', 'E', '10', '2025-11-29 23:42:37'),
(59, 1, 'E11', 'E', '11', '2025-11-29 23:42:37'),
(60, 1, 'E12', 'E', '12', '2025-11-29 23:42:37'),
(61, 1, 'F01', 'F', '01', '2025-11-29 23:42:37'),
(62, 1, 'F02', 'F', '02', '2025-11-29 23:42:37'),
(63, 1, 'F03', 'F', '03', '2025-11-29 23:42:37'),
(64, 1, 'F04', 'F', '04', '2025-11-29 23:42:37'),
(65, 1, 'F05', 'F', '05', '2025-11-29 23:42:37'),
(66, 1, 'F06', 'F', '06', '2025-11-29 23:42:37'),
(67, 1, 'F07', 'F', '07', '2025-11-29 23:42:37'),
(68, 1, 'F08', 'F', '08', '2025-11-29 23:42:37'),
(69, 1, 'F09', 'F', '09', '2025-11-29 23:42:37'),
(70, 1, 'F10', 'F', '10', '2025-11-29 23:42:37'),
(71, 1, 'F11', 'F', '11', '2025-11-29 23:42:37'),
(72, 1, 'F12', 'F', '12', '2025-11-29 23:42:37'),
(73, 1, 'G01', 'G', '01', '2025-11-29 23:42:37'),
(74, 1, 'G02', 'G', '02', '2025-11-29 23:42:37'),
(75, 1, 'G03', 'G', '03', '2025-11-29 23:42:37'),
(76, 1, 'G04', 'G', '04', '2025-11-29 23:42:37'),
(77, 1, 'G05', 'G', '05', '2025-11-29 23:42:37'),
(78, 1, 'G06', 'G', '06', '2025-11-29 23:42:37'),
(79, 1, 'G07', 'G', '07', '2025-11-29 23:42:37'),
(80, 1, 'G08', 'G', '08', '2025-11-29 23:42:37'),
(81, 1, 'G09', 'G', '09', '2025-11-29 23:42:37'),
(82, 1, 'G10', 'G', '10', '2025-11-29 23:42:37'),
(83, 1, 'G11', 'G', '11', '2025-11-29 23:42:37'),
(84, 1, 'G12', 'G', '12', '2025-11-29 23:42:37'),
(85, 1, 'H01', 'H', '01', '2025-11-29 23:42:37'),
(86, 1, 'H02', 'H', '02', '2025-11-29 23:42:37'),
(87, 1, 'H03', 'H', '03', '2025-11-29 23:42:37'),
(88, 1, 'H04', 'H', '04', '2025-11-29 23:42:37'),
(89, 1, 'H05', 'H', '05', '2025-11-29 23:42:37'),
(90, 1, 'H06', 'H', '06', '2025-11-29 23:42:37'),
(91, 1, 'H07', 'H', '07', '2025-11-29 23:42:37'),
(92, 1, 'H08', 'H', '08', '2025-11-29 23:42:37'),
(93, 1, 'H09', 'H', '09', '2025-11-29 23:42:37'),
(94, 1, 'H10', 'H', '10', '2025-11-29 23:42:37'),
(95, 1, 'H11', 'H', '11', '2025-11-29 23:42:37'),
(96, 1, 'H12', 'H', '12', '2025-11-29 23:42:37'),
(97, 1, 'I01', 'I', '01', '2025-11-29 23:42:37'),
(98, 1, 'I02', 'I', '02', '2025-11-29 23:42:37'),
(99, 1, 'I03', 'I', '03', '2025-11-29 23:42:37'),
(100, 1, 'I04', 'I', '04', '2025-11-29 23:42:37'),
(101, 1, 'I05', 'I', '05', '2025-11-29 23:42:37'),
(102, 1, 'I06', 'I', '06', '2025-11-29 23:42:37'),
(103, 1, 'I07', 'I', '07', '2025-11-29 23:42:37'),
(104, 1, 'I08', 'I', '08', '2025-11-29 23:42:37'),
(105, 1, 'I09', 'I', '09', '2025-11-29 23:42:37'),
(106, 1, 'I10', 'I', '10', '2025-11-29 23:42:37'),
(107, 1, 'I11', 'I', '11', '2025-11-29 23:42:37'),
(108, 1, 'I12', 'I', '12', '2025-11-29 23:42:37'),
(109, 1, 'J01', 'J', '01', '2025-11-29 23:42:37'),
(110, 1, 'J02', 'J', '02', '2025-11-29 23:42:37'),
(111, 1, 'J03', 'J', '03', '2025-11-29 23:42:37'),
(112, 1, 'J04', 'J', '04', '2025-11-29 23:42:37'),
(113, 1, 'J05', 'J', '05', '2025-11-29 23:42:37'),
(114, 1, 'J06', 'J', '06', '2025-11-29 23:42:37'),
(115, 1, 'J07', 'J', '07', '2025-11-29 23:42:37'),
(116, 1, 'J08', 'J', '08', '2025-11-29 23:42:37'),
(117, 1, 'J09', 'J', '09', '2025-11-29 23:42:37'),
(118, 1, 'J10', 'J', '10', '2025-11-29 23:42:37'),
(119, 1, 'J11', 'J', '11', '2025-11-29 23:42:37'),
(120, 1, 'J12', 'J', '12', '2025-11-29 23:42:37'),
(121, 2, 'A01', 'A', '01', '2025-11-29 23:42:37'),
(122, 2, 'A02', 'A', '02', '2025-11-29 23:42:37'),
(123, 2, 'A03', 'A', '03', '2025-11-29 23:42:37'),
(124, 2, 'A04', 'A', '04', '2025-11-29 23:42:37'),
(125, 2, 'A05', 'A', '05', '2025-11-29 23:42:37'),
(126, 2, 'A06', 'A', '06', '2025-11-29 23:42:37'),
(127, 2, 'A07', 'A', '07', '2025-11-29 23:42:37'),
(128, 2, 'A08', 'A', '08', '2025-11-29 23:42:37'),
(129, 2, 'A09', 'A', '09', '2025-11-29 23:42:37'),
(130, 2, 'A10', 'A', '10', '2025-11-29 23:42:37'),
(131, 2, 'A11', 'A', '11', '2025-11-29 23:42:37'),
(132, 2, 'A12', 'A', '12', '2025-11-29 23:42:37'),
(133, 2, 'B01', 'B', '01', '2025-11-29 23:42:37'),
(134, 2, 'B02', 'B', '02', '2025-11-29 23:42:37'),
(135, 2, 'B03', 'B', '03', '2025-11-29 23:42:37'),
(136, 2, 'B04', 'B', '04', '2025-11-29 23:42:37'),
(137, 2, 'B05', 'B', '05', '2025-11-29 23:42:37'),
(138, 2, 'B06', 'B', '06', '2025-11-29 23:42:37'),
(139, 2, 'B07', 'B', '07', '2025-11-29 23:42:37'),
(140, 2, 'B08', 'B', '08', '2025-11-29 23:42:37'),
(141, 2, 'B09', 'B', '09', '2025-11-29 23:42:37'),
(142, 2, 'B10', 'B', '10', '2025-11-29 23:42:37'),
(143, 2, 'B11', 'B', '11', '2025-11-29 23:42:37'),
(144, 2, 'B12', 'B', '12', '2025-11-29 23:42:37'),
(145, 2, 'C01', 'C', '01', '2025-11-29 23:42:37'),
(146, 2, 'C02', 'C', '02', '2025-11-29 23:42:37'),
(147, 2, 'C03', 'C', '03', '2025-11-29 23:42:37'),
(148, 2, 'C04', 'C', '04', '2025-11-29 23:42:37'),
(149, 2, 'C05', 'C', '05', '2025-11-29 23:42:37'),
(150, 2, 'C06', 'C', '06', '2025-11-29 23:42:37'),
(151, 2, 'C07', 'C', '07', '2025-11-29 23:42:37'),
(152, 2, 'C08', 'C', '08', '2025-11-29 23:42:37'),
(153, 2, 'C09', 'C', '09', '2025-11-29 23:42:37'),
(154, 2, 'C10', 'C', '10', '2025-11-29 23:42:37'),
(155, 2, 'C11', 'C', '11', '2025-11-29 23:42:37'),
(156, 2, 'C12', 'C', '12', '2025-11-29 23:42:37'),
(157, 2, 'D01', 'D', '01', '2025-11-29 23:42:37'),
(158, 2, 'D02', 'D', '02', '2025-11-29 23:42:37'),
(159, 2, 'D03', 'D', '03', '2025-11-29 23:42:37'),
(160, 2, 'D04', 'D', '04', '2025-11-29 23:42:37'),
(161, 2, 'D05', 'D', '05', '2025-11-29 23:42:37'),
(162, 2, 'D06', 'D', '06', '2025-11-29 23:42:37'),
(163, 2, 'D07', 'D', '07', '2025-11-29 23:42:37'),
(164, 2, 'D08', 'D', '08', '2025-11-29 23:42:37'),
(165, 2, 'D09', 'D', '09', '2025-11-29 23:42:37'),
(166, 2, 'D10', 'D', '10', '2025-11-29 23:42:37'),
(167, 2, 'D11', 'D', '11', '2025-11-29 23:42:37'),
(168, 2, 'D12', 'D', '12', '2025-11-29 23:42:37'),
(169, 2, 'E01', 'E', '01', '2025-11-29 23:42:37'),
(170, 2, 'E02', 'E', '02', '2025-11-29 23:42:37'),
(171, 2, 'E03', 'E', '03', '2025-11-29 23:42:37'),
(172, 2, 'E04', 'E', '04', '2025-11-29 23:42:37'),
(173, 2, 'E05', 'E', '05', '2025-11-29 23:42:37'),
(174, 2, 'E06', 'E', '06', '2025-11-29 23:42:37'),
(175, 2, 'E07', 'E', '07', '2025-11-29 23:42:37'),
(176, 2, 'E08', 'E', '08', '2025-11-29 23:42:37'),
(177, 2, 'E09', 'E', '09', '2025-11-29 23:42:37'),
(178, 2, 'E10', 'E', '10', '2025-11-29 23:42:37'),
(179, 2, 'E11', 'E', '11', '2025-11-29 23:42:37'),
(180, 2, 'E12', 'E', '12', '2025-11-29 23:42:37'),
(181, 2, 'F01', 'F', '01', '2025-11-29 23:42:37'),
(182, 2, 'F02', 'F', '02', '2025-11-29 23:42:37'),
(183, 2, 'F03', 'F', '03', '2025-11-29 23:42:37'),
(184, 2, 'F04', 'F', '04', '2025-11-29 23:42:37'),
(185, 2, 'F05', 'F', '05', '2025-11-29 23:42:37'),
(186, 2, 'F06', 'F', '06', '2025-11-29 23:42:37'),
(187, 2, 'F07', 'F', '07', '2025-11-29 23:42:37'),
(188, 2, 'F08', 'F', '08', '2025-11-29 23:42:37'),
(189, 2, 'F09', 'F', '09', '2025-11-29 23:42:37'),
(190, 2, 'F10', 'F', '10', '2025-11-29 23:42:37'),
(191, 2, 'F11', 'F', '11', '2025-11-29 23:42:37'),
(192, 2, 'F12', 'F', '12', '2025-11-29 23:42:37'),
(193, 2, 'G01', 'G', '01', '2025-11-29 23:42:37'),
(194, 2, 'G02', 'G', '02', '2025-11-29 23:42:37'),
(195, 2, 'G03', 'G', '03', '2025-11-29 23:42:37'),
(196, 2, 'G04', 'G', '04', '2025-11-29 23:42:37'),
(197, 2, 'G05', 'G', '05', '2025-11-29 23:42:37'),
(198, 2, 'G06', 'G', '06', '2025-11-29 23:42:37'),
(199, 2, 'G07', 'G', '07', '2025-11-29 23:42:37'),
(200, 2, 'G08', 'G', '08', '2025-11-29 23:42:37'),
(201, 2, 'G09', 'G', '09', '2025-11-29 23:42:37'),
(202, 2, 'G10', 'G', '10', '2025-11-29 23:42:37'),
(203, 2, 'G11', 'G', '11', '2025-11-29 23:42:37'),
(204, 2, 'G12', 'G', '12', '2025-11-29 23:42:37'),
(205, 2, 'H01', 'H', '01', '2025-11-29 23:42:37'),
(206, 2, 'H02', 'H', '02', '2025-11-29 23:42:37'),
(207, 2, 'H03', 'H', '03', '2025-11-29 23:42:37'),
(208, 2, 'H04', 'H', '04', '2025-11-29 23:42:37'),
(209, 2, 'H05', 'H', '05', '2025-11-29 23:42:37'),
(210, 2, 'H06', 'H', '06', '2025-11-29 23:42:37'),
(211, 2, 'H07', 'H', '07', '2025-11-29 23:42:37'),
(212, 2, 'H08', 'H', '08', '2025-11-29 23:42:37'),
(213, 2, 'H09', 'H', '09', '2025-11-29 23:42:37'),
(214, 2, 'H10', 'H', '10', '2025-11-29 23:42:37'),
(215, 2, 'H11', 'H', '11', '2025-11-29 23:42:37'),
(216, 2, 'H12', 'H', '12', '2025-11-29 23:42:37'),
(217, 2, 'I01', 'I', '01', '2025-11-29 23:42:37'),
(218, 2, 'I02', 'I', '02', '2025-11-29 23:42:37'),
(219, 2, 'I03', 'I', '03', '2025-11-29 23:42:37'),
(220, 2, 'I04', 'I', '04', '2025-11-29 23:42:37'),
(221, 2, 'I05', 'I', '05', '2025-11-29 23:42:37'),
(222, 2, 'I06', 'I', '06', '2025-11-29 23:42:37'),
(223, 2, 'I07', 'I', '07', '2025-11-29 23:42:37'),
(224, 2, 'I08', 'I', '08', '2025-11-29 23:42:37'),
(225, 2, 'I09', 'I', '09', '2025-11-29 23:42:37'),
(226, 2, 'I10', 'I', '10', '2025-11-29 23:42:37'),
(227, 2, 'I11', 'I', '11', '2025-11-29 23:42:37'),
(228, 2, 'I12', 'I', '12', '2025-11-29 23:42:37'),
(229, 2, 'J01', 'J', '01', '2025-11-29 23:42:37'),
(230, 2, 'J02', 'J', '02', '2025-11-29 23:42:37'),
(231, 2, 'J03', 'J', '03', '2025-11-29 23:42:37'),
(232, 2, 'J04', 'J', '04', '2025-11-29 23:42:37'),
(233, 2, 'J05', 'J', '05', '2025-11-29 23:42:37'),
(234, 2, 'J06', 'J', '06', '2025-11-29 23:42:37'),
(235, 2, 'J07', 'J', '07', '2025-11-29 23:42:37'),
(236, 2, 'J08', 'J', '08', '2025-11-29 23:42:37'),
(237, 2, 'J09', 'J', '09', '2025-11-29 23:42:37'),
(238, 2, 'J10', 'J', '10', '2025-11-29 23:42:37'),
(239, 2, 'J11', 'J', '11', '2025-11-29 23:42:37'),
(240, 2, 'J12', 'J', '12', '2025-11-29 23:42:37'),
(241, 3, 'A01', 'A', '01', '2025-11-29 23:42:37'),
(242, 3, 'A02', 'A', '02', '2025-11-29 23:42:37'),
(243, 3, 'A03', 'A', '03', '2025-11-29 23:42:37'),
(244, 3, 'A04', 'A', '04', '2025-11-29 23:42:37'),
(245, 3, 'A05', 'A', '05', '2025-11-29 23:42:37'),
(246, 3, 'A06', 'A', '06', '2025-11-29 23:42:37'),
(247, 3, 'A07', 'A', '07', '2025-11-29 23:42:37'),
(248, 3, 'A08', 'A', '08', '2025-11-29 23:42:37'),
(249, 3, 'A09', 'A', '09', '2025-11-29 23:42:37'),
(250, 3, 'A10', 'A', '10', '2025-11-29 23:42:37'),
(251, 3, 'A11', 'A', '11', '2025-11-29 23:42:37'),
(252, 3, 'A12', 'A', '12', '2025-11-29 23:42:37'),
(253, 3, 'B01', 'B', '01', '2025-11-29 23:42:37'),
(254, 3, 'B02', 'B', '02', '2025-11-29 23:42:37'),
(255, 3, 'B03', 'B', '03', '2025-11-29 23:42:37'),
(256, 3, 'B04', 'B', '04', '2025-11-29 23:42:37'),
(257, 3, 'B05', 'B', '05', '2025-11-29 23:42:37'),
(258, 3, 'B06', 'B', '06', '2025-11-29 23:42:37'),
(259, 3, 'B07', 'B', '07', '2025-11-29 23:42:37'),
(260, 3, 'B08', 'B', '08', '2025-11-29 23:42:37'),
(261, 3, 'B09', 'B', '09', '2025-11-29 23:42:37'),
(262, 3, 'B10', 'B', '10', '2025-11-29 23:42:37'),
(263, 3, 'B11', 'B', '11', '2025-11-29 23:42:37'),
(264, 3, 'B12', 'B', '12', '2025-11-29 23:42:37'),
(265, 3, 'C01', 'C', '01', '2025-11-29 23:42:37'),
(266, 3, 'C02', 'C', '02', '2025-11-29 23:42:37'),
(267, 3, 'C03', 'C', '03', '2025-11-29 23:42:37'),
(268, 3, 'C04', 'C', '04', '2025-11-29 23:42:37'),
(269, 3, 'C05', 'C', '05', '2025-11-29 23:42:37'),
(270, 3, 'C06', 'C', '06', '2025-11-29 23:42:37'),
(271, 3, 'C07', 'C', '07', '2025-11-29 23:42:37'),
(272, 3, 'C08', 'C', '08', '2025-11-29 23:42:37'),
(273, 3, 'C09', 'C', '09', '2025-11-29 23:42:37'),
(274, 3, 'C10', 'C', '10', '2025-11-29 23:42:37'),
(275, 3, 'C11', 'C', '11', '2025-11-29 23:42:37'),
(276, 3, 'C12', 'C', '12', '2025-11-29 23:42:37'),
(277, 3, 'D01', 'D', '01', '2025-11-29 23:42:37'),
(278, 3, 'D02', 'D', '02', '2025-11-29 23:42:37'),
(279, 3, 'D03', 'D', '03', '2025-11-29 23:42:37'),
(280, 3, 'D04', 'D', '04', '2025-11-29 23:42:37'),
(281, 3, 'D05', 'D', '05', '2025-11-29 23:42:37'),
(282, 3, 'D06', 'D', '06', '2025-11-29 23:42:37'),
(283, 3, 'D07', 'D', '07', '2025-11-29 23:42:37'),
(284, 3, 'D08', 'D', '08', '2025-11-29 23:42:37'),
(285, 3, 'D09', 'D', '09', '2025-11-29 23:42:37'),
(286, 3, 'D10', 'D', '10', '2025-11-29 23:42:37'),
(287, 3, 'D11', 'D', '11', '2025-11-29 23:42:37'),
(288, 3, 'D12', 'D', '12', '2025-11-29 23:42:37'),
(289, 3, 'E01', 'E', '01', '2025-11-29 23:42:37'),
(290, 3, 'E02', 'E', '02', '2025-11-29 23:42:37'),
(291, 3, 'E03', 'E', '03', '2025-11-29 23:42:37'),
(292, 3, 'E04', 'E', '04', '2025-11-29 23:42:37'),
(293, 3, 'E05', 'E', '05', '2025-11-29 23:42:37'),
(294, 3, 'E06', 'E', '06', '2025-11-29 23:42:37'),
(295, 3, 'E07', 'E', '07', '2025-11-29 23:42:37'),
(296, 3, 'E08', 'E', '08', '2025-11-29 23:42:37'),
(297, 3, 'E09', 'E', '09', '2025-11-29 23:42:37'),
(298, 3, 'E10', 'E', '10', '2025-11-29 23:42:37'),
(299, 3, 'E11', 'E', '11', '2025-11-29 23:42:37'),
(300, 3, 'E12', 'E', '12', '2025-11-29 23:42:37'),
(301, 3, 'F01', 'F', '01', '2025-11-29 23:42:37'),
(302, 3, 'F02', 'F', '02', '2025-11-29 23:42:37'),
(303, 3, 'F03', 'F', '03', '2025-11-29 23:42:37'),
(304, 3, 'F04', 'F', '04', '2025-11-29 23:42:37'),
(305, 3, 'F05', 'F', '05', '2025-11-29 23:42:37'),
(306, 3, 'F06', 'F', '06', '2025-11-29 23:42:37'),
(307, 3, 'F07', 'F', '07', '2025-11-29 23:42:37'),
(308, 3, 'F08', 'F', '08', '2025-11-29 23:42:37'),
(309, 3, 'F09', 'F', '09', '2025-11-29 23:42:37'),
(310, 3, 'F10', 'F', '10', '2025-11-29 23:42:37'),
(311, 3, 'F11', 'F', '11', '2025-11-29 23:42:37'),
(312, 3, 'F12', 'F', '12', '2025-11-29 23:42:37'),
(313, 3, 'G01', 'G', '01', '2025-11-29 23:42:37'),
(314, 3, 'G02', 'G', '02', '2025-11-29 23:42:37'),
(315, 3, 'G03', 'G', '03', '2025-11-29 23:42:37'),
(316, 3, 'G04', 'G', '04', '2025-11-29 23:42:37'),
(317, 3, 'G05', 'G', '05', '2025-11-29 23:42:37'),
(318, 3, 'G06', 'G', '06', '2025-11-29 23:42:37'),
(319, 3, 'G07', 'G', '07', '2025-11-29 23:42:37'),
(320, 3, 'G08', 'G', '08', '2025-11-29 23:42:37'),
(321, 3, 'G09', 'G', '09', '2025-11-29 23:42:37'),
(322, 3, 'G10', 'G', '10', '2025-11-29 23:42:37'),
(323, 3, 'G11', 'G', '11', '2025-11-29 23:42:37'),
(324, 3, 'G12', 'G', '12', '2025-11-29 23:42:37'),
(325, 3, 'H01', 'H', '01', '2025-11-29 23:42:37'),
(326, 3, 'H02', 'H', '02', '2025-11-29 23:42:37'),
(327, 3, 'H03', 'H', '03', '2025-11-29 23:42:37'),
(328, 3, 'H04', 'H', '04', '2025-11-29 23:42:37'),
(329, 3, 'H05', 'H', '05', '2025-11-29 23:42:37'),
(330, 3, 'H06', 'H', '06', '2025-11-29 23:42:37'),
(331, 3, 'H07', 'H', '07', '2025-11-29 23:42:37'),
(332, 3, 'H08', 'H', '08', '2025-11-29 23:42:37'),
(333, 3, 'H09', 'H', '09', '2025-11-29 23:42:37'),
(334, 3, 'H10', 'H', '10', '2025-11-29 23:42:37'),
(335, 3, 'H11', 'H', '11', '2025-11-29 23:42:37'),
(336, 3, 'H12', 'H', '12', '2025-11-29 23:42:37'),
(337, 3, 'I01', 'I', '01', '2025-11-29 23:42:37'),
(338, 3, 'I02', 'I', '02', '2025-11-29 23:42:37'),
(339, 3, 'I03', 'I', '03', '2025-11-29 23:42:37'),
(340, 3, 'I04', 'I', '04', '2025-11-29 23:42:37'),
(341, 3, 'I05', 'I', '05', '2025-11-29 23:42:37'),
(342, 3, 'I06', 'I', '06', '2025-11-29 23:42:37'),
(343, 3, 'I07', 'I', '07', '2025-11-29 23:42:37'),
(344, 3, 'I08', 'I', '08', '2025-11-29 23:42:37'),
(345, 3, 'I09', 'I', '09', '2025-11-29 23:42:37'),
(346, 3, 'I10', 'I', '10', '2025-11-29 23:42:37'),
(347, 3, 'I11', 'I', '11', '2025-11-29 23:42:37'),
(348, 3, 'I12', 'I', '12', '2025-11-29 23:42:37'),
(349, 3, 'J01', 'J', '01', '2025-11-29 23:42:37'),
(350, 3, 'J02', 'J', '02', '2025-11-29 23:42:37'),
(351, 3, 'J03', 'J', '03', '2025-11-29 23:42:37'),
(352, 3, 'J04', 'J', '04', '2025-11-29 23:42:37'),
(353, 3, 'J05', 'J', '05', '2025-11-29 23:42:37'),
(354, 3, 'J06', 'J', '06', '2025-11-29 23:42:37'),
(355, 3, 'J07', 'J', '07', '2025-11-29 23:42:37'),
(356, 3, 'J08', 'J', '08', '2025-11-29 23:42:37'),
(357, 3, 'J09', 'J', '09', '2025-11-29 23:42:37'),
(358, 3, 'J10', 'J', '10', '2025-11-29 23:42:37'),
(359, 3, 'J11', 'J', '11', '2025-11-29 23:42:37'),
(360, 3, 'J12', 'J', '12', '2025-11-29 23:42:37'),
(361, 4, 'A01', 'A', '01', '2025-11-29 23:42:37'),
(362, 4, 'A02', 'A', '02', '2025-11-29 23:42:37'),
(363, 4, 'A03', 'A', '03', '2025-11-29 23:42:37'),
(364, 4, 'A04', 'A', '04', '2025-11-29 23:42:37'),
(365, 4, 'A05', 'A', '05', '2025-11-29 23:42:37'),
(366, 4, 'A06', 'A', '06', '2025-11-29 23:42:37'),
(367, 4, 'A07', 'A', '07', '2025-11-29 23:42:37'),
(368, 4, 'A08', 'A', '08', '2025-11-29 23:42:37'),
(369, 4, 'A09', 'A', '09', '2025-11-29 23:42:37'),
(370, 4, 'A10', 'A', '10', '2025-11-29 23:42:37'),
(371, 4, 'A11', 'A', '11', '2025-11-29 23:42:37'),
(372, 4, 'A12', 'A', '12', '2025-11-29 23:42:37'),
(373, 4, 'B01', 'B', '01', '2025-11-29 23:42:37'),
(374, 4, 'B02', 'B', '02', '2025-11-29 23:42:37'),
(375, 4, 'B03', 'B', '03', '2025-11-29 23:42:37'),
(376, 4, 'B04', 'B', '04', '2025-11-29 23:42:37'),
(377, 4, 'B05', 'B', '05', '2025-11-29 23:42:37'),
(378, 4, 'B06', 'B', '06', '2025-11-29 23:42:37'),
(379, 4, 'B07', 'B', '07', '2025-11-29 23:42:37'),
(380, 4, 'B08', 'B', '08', '2025-11-29 23:42:37'),
(381, 4, 'B09', 'B', '09', '2025-11-29 23:42:37'),
(382, 4, 'B10', 'B', '10', '2025-11-29 23:42:37'),
(383, 4, 'B11', 'B', '11', '2025-11-29 23:42:37'),
(384, 4, 'B12', 'B', '12', '2025-11-29 23:42:37'),
(385, 4, 'C01', 'C', '01', '2025-11-29 23:42:37'),
(386, 4, 'C02', 'C', '02', '2025-11-29 23:42:37'),
(387, 4, 'C03', 'C', '03', '2025-11-29 23:42:37'),
(388, 4, 'C04', 'C', '04', '2025-11-29 23:42:37'),
(389, 4, 'C05', 'C', '05', '2025-11-29 23:42:37'),
(390, 4, 'C06', 'C', '06', '2025-11-29 23:42:37'),
(391, 4, 'C07', 'C', '07', '2025-11-29 23:42:37'),
(392, 4, 'C08', 'C', '08', '2025-11-29 23:42:37'),
(393, 4, 'C09', 'C', '09', '2025-11-29 23:42:37'),
(394, 4, 'C10', 'C', '10', '2025-11-29 23:42:37'),
(395, 4, 'C11', 'C', '11', '2025-11-29 23:42:37'),
(396, 4, 'C12', 'C', '12', '2025-11-29 23:42:37'),
(397, 4, 'D01', 'D', '01', '2025-11-29 23:42:37'),
(398, 4, 'D02', 'D', '02', '2025-11-29 23:42:37'),
(399, 4, 'D03', 'D', '03', '2025-11-29 23:42:37'),
(400, 4, 'D04', 'D', '04', '2025-11-29 23:42:37'),
(401, 4, 'D05', 'D', '05', '2025-11-29 23:42:37'),
(402, 4, 'D06', 'D', '06', '2025-11-29 23:42:37'),
(403, 4, 'D07', 'D', '07', '2025-11-29 23:42:37'),
(404, 4, 'D08', 'D', '08', '2025-11-29 23:42:37'),
(405, 4, 'D09', 'D', '09', '2025-11-29 23:42:37'),
(406, 4, 'D10', 'D', '10', '2025-11-29 23:42:37'),
(407, 4, 'D11', 'D', '11', '2025-11-29 23:42:37'),
(408, 4, 'D12', 'D', '12', '2025-11-29 23:42:37'),
(409, 4, 'E01', 'E', '01', '2025-11-29 23:42:37'),
(410, 4, 'E02', 'E', '02', '2025-11-29 23:42:37'),
(411, 4, 'E03', 'E', '03', '2025-11-29 23:42:37'),
(412, 4, 'E04', 'E', '04', '2025-11-29 23:42:37'),
(413, 4, 'E05', 'E', '05', '2025-11-29 23:42:37'),
(414, 4, 'E06', 'E', '06', '2025-11-29 23:42:37'),
(415, 4, 'E07', 'E', '07', '2025-11-29 23:42:37'),
(416, 4, 'E08', 'E', '08', '2025-11-29 23:42:37'),
(417, 4, 'E09', 'E', '09', '2025-11-29 23:42:37'),
(418, 4, 'E10', 'E', '10', '2025-11-29 23:42:37'),
(419, 4, 'E11', 'E', '11', '2025-11-29 23:42:37'),
(420, 4, 'E12', 'E', '12', '2025-11-29 23:42:37'),
(421, 4, 'F01', 'F', '01', '2025-11-29 23:42:37'),
(422, 4, 'F02', 'F', '02', '2025-11-29 23:42:37'),
(423, 4, 'F03', 'F', '03', '2025-11-29 23:42:37'),
(424, 4, 'F04', 'F', '04', '2025-11-29 23:42:37'),
(425, 4, 'F05', 'F', '05', '2025-11-29 23:42:37'),
(426, 4, 'F06', 'F', '06', '2025-11-29 23:42:37'),
(427, 4, 'F07', 'F', '07', '2025-11-29 23:42:37'),
(428, 4, 'F08', 'F', '08', '2025-11-29 23:42:37'),
(429, 4, 'F09', 'F', '09', '2025-11-29 23:42:37'),
(430, 4, 'F10', 'F', '10', '2025-11-29 23:42:37'),
(431, 4, 'F11', 'F', '11', '2025-11-29 23:42:37'),
(432, 4, 'F12', 'F', '12', '2025-11-29 23:42:37'),
(433, 4, 'G01', 'G', '01', '2025-11-29 23:42:37'),
(434, 4, 'G02', 'G', '02', '2025-11-29 23:42:37'),
(435, 4, 'G03', 'G', '03', '2025-11-29 23:42:37'),
(436, 4, 'G04', 'G', '04', '2025-11-29 23:42:37'),
(437, 4, 'G05', 'G', '05', '2025-11-29 23:42:37'),
(438, 4, 'G06', 'G', '06', '2025-11-29 23:42:37'),
(439, 4, 'G07', 'G', '07', '2025-11-29 23:42:37'),
(440, 4, 'G08', 'G', '08', '2025-11-29 23:42:37'),
(441, 4, 'G09', 'G', '09', '2025-11-29 23:42:37'),
(442, 4, 'G10', 'G', '10', '2025-11-29 23:42:37'),
(443, 4, 'G11', 'G', '11', '2025-11-29 23:42:37'),
(444, 4, 'G12', 'G', '12', '2025-11-29 23:42:37'),
(445, 4, 'H01', 'H', '01', '2025-11-29 23:42:37'),
(446, 4, 'H02', 'H', '02', '2025-11-29 23:42:37'),
(447, 4, 'H03', 'H', '03', '2025-11-29 23:42:37'),
(448, 4, 'H04', 'H', '04', '2025-11-29 23:42:37'),
(449, 4, 'H05', 'H', '05', '2025-11-29 23:42:37'),
(450, 4, 'H06', 'H', '06', '2025-11-29 23:42:37'),
(451, 4, 'H07', 'H', '07', '2025-11-29 23:42:37'),
(452, 4, 'H08', 'H', '08', '2025-11-29 23:42:37'),
(453, 4, 'H09', 'H', '09', '2025-11-29 23:42:37'),
(454, 4, 'H10', 'H', '10', '2025-11-29 23:42:37'),
(455, 4, 'H11', 'H', '11', '2025-11-29 23:42:37'),
(456, 4, 'H12', 'H', '12', '2025-11-29 23:42:37'),
(457, 4, 'I01', 'I', '01', '2025-11-29 23:42:37'),
(458, 4, 'I02', 'I', '02', '2025-11-29 23:42:37'),
(459, 4, 'I03', 'I', '03', '2025-11-29 23:42:37'),
(460, 4, 'I04', 'I', '04', '2025-11-29 23:42:37'),
(461, 4, 'I05', 'I', '05', '2025-11-29 23:42:37'),
(462, 4, 'I06', 'I', '06', '2025-11-29 23:42:37'),
(463, 4, 'I07', 'I', '07', '2025-11-29 23:42:37'),
(464, 4, 'I08', 'I', '08', '2025-11-29 23:42:37'),
(465, 4, 'I09', 'I', '09', '2025-11-29 23:42:37'),
(466, 4, 'I10', 'I', '10', '2025-11-29 23:42:37'),
(467, 4, 'I11', 'I', '11', '2025-11-29 23:42:37'),
(468, 4, 'I12', 'I', '12', '2025-11-29 23:42:37'),
(469, 4, 'J01', 'J', '01', '2025-11-29 23:42:37'),
(470, 4, 'J02', 'J', '02', '2025-11-29 23:42:37'),
(471, 4, 'J03', 'J', '03', '2025-11-29 23:42:37'),
(472, 4, 'J04', 'J', '04', '2025-11-29 23:42:37'),
(473, 4, 'J05', 'J', '05', '2025-11-29 23:42:37'),
(474, 4, 'J06', 'J', '06', '2025-11-29 23:42:37'),
(475, 4, 'J07', 'J', '07', '2025-11-29 23:42:37'),
(476, 4, 'J08', 'J', '08', '2025-11-29 23:42:37'),
(477, 4, 'J09', 'J', '09', '2025-11-29 23:42:37'),
(478, 4, 'J10', 'J', '10', '2025-11-29 23:42:37'),
(479, 4, 'J11', 'J', '11', '2025-11-29 23:42:37'),
(480, 4, 'J12', 'J', '12', '2025-11-29 23:42:37'),
(481, 5, 'A01', 'A', '01', '2025-11-29 23:42:37'),
(482, 5, 'A02', 'A', '02', '2025-11-29 23:42:37'),
(483, 5, 'A03', 'A', '03', '2025-11-29 23:42:37'),
(484, 5, 'A04', 'A', '04', '2025-11-29 23:42:37'),
(485, 5, 'A05', 'A', '05', '2025-11-29 23:42:37'),
(486, 5, 'A06', 'A', '06', '2025-11-29 23:42:37'),
(487, 5, 'A07', 'A', '07', '2025-11-29 23:42:37'),
(488, 5, 'A08', 'A', '08', '2025-11-29 23:42:37'),
(489, 5, 'A09', 'A', '09', '2025-11-29 23:42:37'),
(490, 5, 'A10', 'A', '10', '2025-11-29 23:42:37'),
(491, 5, 'A11', 'A', '11', '2025-11-29 23:42:37'),
(492, 5, 'A12', 'A', '12', '2025-11-29 23:42:37'),
(493, 5, 'B01', 'B', '01', '2025-11-29 23:42:37'),
(494, 5, 'B02', 'B', '02', '2025-11-29 23:42:37'),
(495, 5, 'B03', 'B', '03', '2025-11-29 23:42:37'),
(496, 5, 'B04', 'B', '04', '2025-11-29 23:42:37'),
(497, 5, 'B05', 'B', '05', '2025-11-29 23:42:37'),
(498, 5, 'B06', 'B', '06', '2025-11-29 23:42:37'),
(499, 5, 'B07', 'B', '07', '2025-11-29 23:42:37'),
(500, 5, 'B08', 'B', '08', '2025-11-29 23:42:37'),
(501, 5, 'B09', 'B', '09', '2025-11-29 23:42:37'),
(502, 5, 'B10', 'B', '10', '2025-11-29 23:42:37'),
(503, 5, 'B11', 'B', '11', '2025-11-29 23:42:37'),
(504, 5, 'B12', 'B', '12', '2025-11-29 23:42:37'),
(505, 5, 'C01', 'C', '01', '2025-11-29 23:42:37'),
(506, 5, 'C02', 'C', '02', '2025-11-29 23:42:37'),
(507, 5, 'C03', 'C', '03', '2025-11-29 23:42:37'),
(508, 5, 'C04', 'C', '04', '2025-11-29 23:42:37'),
(509, 5, 'C05', 'C', '05', '2025-11-29 23:42:37'),
(510, 5, 'C06', 'C', '06', '2025-11-29 23:42:37'),
(511, 5, 'C07', 'C', '07', '2025-11-29 23:42:37'),
(512, 5, 'C08', 'C', '08', '2025-11-29 23:42:37'),
(513, 5, 'C09', 'C', '09', '2025-11-29 23:42:37'),
(514, 5, 'C10', 'C', '10', '2025-11-29 23:42:37'),
(515, 5, 'C11', 'C', '11', '2025-11-29 23:42:37'),
(516, 5, 'C12', 'C', '12', '2025-11-29 23:42:37'),
(517, 5, 'D01', 'D', '01', '2025-11-29 23:42:37'),
(518, 5, 'D02', 'D', '02', '2025-11-29 23:42:37'),
(519, 5, 'D03', 'D', '03', '2025-11-29 23:42:37'),
(520, 5, 'D04', 'D', '04', '2025-11-29 23:42:37'),
(521, 5, 'D05', 'D', '05', '2025-11-29 23:42:37'),
(522, 5, 'D06', 'D', '06', '2025-11-29 23:42:37'),
(523, 5, 'D07', 'D', '07', '2025-11-29 23:42:37'),
(524, 5, 'D08', 'D', '08', '2025-11-29 23:42:37'),
(525, 5, 'D09', 'D', '09', '2025-11-29 23:42:37'),
(526, 5, 'D10', 'D', '10', '2025-11-29 23:42:37'),
(527, 5, 'D11', 'D', '11', '2025-11-29 23:42:37'),
(528, 5, 'D12', 'D', '12', '2025-11-29 23:42:37'),
(529, 5, 'E01', 'E', '01', '2025-11-29 23:42:37'),
(530, 5, 'E02', 'E', '02', '2025-11-29 23:42:37'),
(531, 5, 'E03', 'E', '03', '2025-11-29 23:42:37'),
(532, 5, 'E04', 'E', '04', '2025-11-29 23:42:37'),
(533, 5, 'E05', 'E', '05', '2025-11-29 23:42:37'),
(534, 5, 'E06', 'E', '06', '2025-11-29 23:42:37'),
(535, 5, 'E07', 'E', '07', '2025-11-29 23:42:37'),
(536, 5, 'E08', 'E', '08', '2025-11-29 23:42:37'),
(537, 5, 'E09', 'E', '09', '2025-11-29 23:42:37'),
(538, 5, 'E10', 'E', '10', '2025-11-29 23:42:37'),
(539, 5, 'E11', 'E', '11', '2025-11-29 23:42:37'),
(540, 5, 'E12', 'E', '12', '2025-11-29 23:42:37'),
(541, 5, 'F01', 'F', '01', '2025-11-29 23:42:37'),
(542, 5, 'F02', 'F', '02', '2025-11-29 23:42:37'),
(543, 5, 'F03', 'F', '03', '2025-11-29 23:42:37'),
(544, 5, 'F04', 'F', '04', '2025-11-29 23:42:37'),
(545, 5, 'F05', 'F', '05', '2025-11-29 23:42:37'),
(546, 5, 'F06', 'F', '06', '2025-11-29 23:42:37'),
(547, 5, 'F07', 'F', '07', '2025-11-29 23:42:37'),
(548, 5, 'F08', 'F', '08', '2025-11-29 23:42:37'),
(549, 5, 'F09', 'F', '09', '2025-11-29 23:42:37'),
(550, 5, 'F10', 'F', '10', '2025-11-29 23:42:37'),
(551, 5, 'F11', 'F', '11', '2025-11-29 23:42:37'),
(552, 5, 'F12', 'F', '12', '2025-11-29 23:42:37'),
(553, 5, 'G01', 'G', '01', '2025-11-29 23:42:37'),
(554, 5, 'G02', 'G', '02', '2025-11-29 23:42:37'),
(555, 5, 'G03', 'G', '03', '2025-11-29 23:42:37'),
(556, 5, 'G04', 'G', '04', '2025-11-29 23:42:37'),
(557, 5, 'G05', 'G', '05', '2025-11-29 23:42:37'),
(558, 5, 'G06', 'G', '06', '2025-11-29 23:42:37'),
(559, 5, 'G07', 'G', '07', '2025-11-29 23:42:37'),
(560, 5, 'G08', 'G', '08', '2025-11-29 23:42:37'),
(561, 5, 'G09', 'G', '09', '2025-11-29 23:42:37'),
(562, 5, 'G10', 'G', '10', '2025-11-29 23:42:37'),
(563, 5, 'G11', 'G', '11', '2025-11-29 23:42:37'),
(564, 5, 'G12', 'G', '12', '2025-11-29 23:42:37'),
(565, 5, 'H01', 'H', '01', '2025-11-29 23:42:37'),
(566, 5, 'H02', 'H', '02', '2025-11-29 23:42:37'),
(567, 5, 'H03', 'H', '03', '2025-11-29 23:42:37'),
(568, 5, 'H04', 'H', '04', '2025-11-29 23:42:37'),
(569, 5, 'H05', 'H', '05', '2025-11-29 23:42:37'),
(570, 5, 'H06', 'H', '06', '2025-11-29 23:42:37'),
(571, 5, 'H07', 'H', '07', '2025-11-29 23:42:37'),
(572, 5, 'H08', 'H', '08', '2025-11-29 23:42:37'),
(573, 5, 'H09', 'H', '09', '2025-11-29 23:42:37'),
(574, 5, 'H10', 'H', '10', '2025-11-29 23:42:37'),
(575, 5, 'H11', 'H', '11', '2025-11-29 23:42:37'),
(576, 5, 'H12', 'H', '12', '2025-11-29 23:42:37'),
(577, 5, 'I01', 'I', '01', '2025-11-29 23:42:37'),
(578, 5, 'I02', 'I', '02', '2025-11-29 23:42:37'),
(579, 5, 'I03', 'I', '03', '2025-11-29 23:42:37'),
(580, 5, 'I04', 'I', '04', '2025-11-29 23:42:37'),
(581, 5, 'I05', 'I', '05', '2025-11-29 23:42:37'),
(582, 5, 'I06', 'I', '06', '2025-11-29 23:42:37'),
(583, 5, 'I07', 'I', '07', '2025-11-29 23:42:37'),
(584, 5, 'I08', 'I', '08', '2025-11-29 23:42:37'),
(585, 5, 'I09', 'I', '09', '2025-11-29 23:42:37'),
(586, 5, 'I10', 'I', '10', '2025-11-29 23:42:37'),
(587, 5, 'I11', 'I', '11', '2025-11-29 23:42:37'),
(588, 5, 'I12', 'I', '12', '2025-11-29 23:42:37'),
(589, 5, 'J01', 'J', '01', '2025-11-29 23:42:37'),
(590, 5, 'J02', 'J', '02', '2025-11-29 23:42:37'),
(591, 5, 'J03', 'J', '03', '2025-11-29 23:42:37'),
(592, 5, 'J04', 'J', '04', '2025-11-29 23:42:37'),
(593, 5, 'J05', 'J', '05', '2025-11-29 23:42:37'),
(594, 5, 'J06', 'J', '06', '2025-11-29 23:42:37'),
(595, 5, 'J07', 'J', '07', '2025-11-29 23:42:37'),
(596, 5, 'J08', 'J', '08', '2025-11-29 23:42:37'),
(597, 5, 'J09', 'J', '09', '2025-11-29 23:42:37'),
(598, 5, 'J10', 'J', '10', '2025-11-29 23:42:37'),
(599, 5, 'J11', 'J', '11', '2025-11-29 23:42:37'),
(600, 5, 'J12', 'J', '12', '2025-11-29 23:42:37'),
(601, 6, 'A01', 'A', '01', '2025-11-29 23:42:37'),
(602, 6, 'A02', 'A', '02', '2025-11-29 23:42:37'),
(603, 6, 'A03', 'A', '03', '2025-11-29 23:42:37'),
(604, 6, 'A04', 'A', '04', '2025-11-29 23:42:38'),
(605, 6, 'A05', 'A', '05', '2025-11-29 23:42:38'),
(606, 6, 'A06', 'A', '06', '2025-11-29 23:42:38'),
(607, 6, 'A07', 'A', '07', '2025-11-29 23:42:38'),
(608, 6, 'A08', 'A', '08', '2025-11-29 23:42:38'),
(609, 6, 'A09', 'A', '09', '2025-11-29 23:42:38'),
(610, 6, 'A10', 'A', '10', '2025-11-29 23:42:38'),
(611, 6, 'A11', 'A', '11', '2025-11-29 23:42:38'),
(612, 6, 'A12', 'A', '12', '2025-11-29 23:42:38'),
(613, 6, 'B01', 'B', '01', '2025-11-29 23:42:38'),
(614, 6, 'B02', 'B', '02', '2025-11-29 23:42:38'),
(615, 6, 'B03', 'B', '03', '2025-11-29 23:42:38'),
(616, 6, 'B04', 'B', '04', '2025-11-29 23:42:38'),
(617, 6, 'B05', 'B', '05', '2025-11-29 23:42:38'),
(618, 6, 'B06', 'B', '06', '2025-11-29 23:42:38'),
(619, 6, 'B07', 'B', '07', '2025-11-29 23:42:38'),
(620, 6, 'B08', 'B', '08', '2025-11-29 23:42:38'),
(621, 6, 'B09', 'B', '09', '2025-11-29 23:42:38'),
(622, 6, 'B10', 'B', '10', '2025-11-29 23:42:38'),
(623, 6, 'B11', 'B', '11', '2025-11-29 23:42:38'),
(624, 6, 'B12', 'B', '12', '2025-11-29 23:42:38'),
(625, 6, 'C01', 'C', '01', '2025-11-29 23:42:38'),
(626, 6, 'C02', 'C', '02', '2025-11-29 23:42:38'),
(627, 6, 'C03', 'C', '03', '2025-11-29 23:42:38'),
(628, 6, 'C04', 'C', '04', '2025-11-29 23:42:38'),
(629, 6, 'C05', 'C', '05', '2025-11-29 23:42:38'),
(630, 6, 'C06', 'C', '06', '2025-11-29 23:42:38'),
(631, 6, 'C07', 'C', '07', '2025-11-29 23:42:38'),
(632, 6, 'C08', 'C', '08', '2025-11-29 23:42:38'),
(633, 6, 'C09', 'C', '09', '2025-11-29 23:42:38'),
(634, 6, 'C10', 'C', '10', '2025-11-29 23:42:38'),
(635, 6, 'C11', 'C', '11', '2025-11-29 23:42:38'),
(636, 6, 'C12', 'C', '12', '2025-11-29 23:42:38'),
(637, 6, 'D01', 'D', '01', '2025-11-29 23:42:38'),
(638, 6, 'D02', 'D', '02', '2025-11-29 23:42:38'),
(639, 6, 'D03', 'D', '03', '2025-11-29 23:42:38'),
(640, 6, 'D04', 'D', '04', '2025-11-29 23:42:38'),
(641, 6, 'D05', 'D', '05', '2025-11-29 23:42:38'),
(642, 6, 'D06', 'D', '06', '2025-11-29 23:42:38'),
(643, 6, 'D07', 'D', '07', '2025-11-29 23:42:38'),
(644, 6, 'D08', 'D', '08', '2025-11-29 23:42:38'),
(645, 6, 'D09', 'D', '09', '2025-11-29 23:42:38'),
(646, 6, 'D10', 'D', '10', '2025-11-29 23:42:38'),
(647, 6, 'D11', 'D', '11', '2025-11-29 23:42:38'),
(648, 6, 'D12', 'D', '12', '2025-11-29 23:42:38'),
(649, 6, 'E01', 'E', '01', '2025-11-29 23:42:38'),
(650, 6, 'E02', 'E', '02', '2025-11-29 23:42:38'),
(651, 6, 'E03', 'E', '03', '2025-11-29 23:42:38'),
(652, 6, 'E04', 'E', '04', '2025-11-29 23:42:38'),
(653, 6, 'E05', 'E', '05', '2025-11-29 23:42:38'),
(654, 6, 'E06', 'E', '06', '2025-11-29 23:42:38'),
(655, 6, 'E07', 'E', '07', '2025-11-29 23:42:38'),
(656, 6, 'E08', 'E', '08', '2025-11-29 23:42:38'),
(657, 6, 'E09', 'E', '09', '2025-11-29 23:42:38'),
(658, 6, 'E10', 'E', '10', '2025-11-29 23:42:38'),
(659, 6, 'E11', 'E', '11', '2025-11-29 23:42:38'),
(660, 6, 'E12', 'E', '12', '2025-11-29 23:42:38'),
(661, 6, 'F01', 'F', '01', '2025-11-29 23:42:38'),
(662, 6, 'F02', 'F', '02', '2025-11-29 23:42:38'),
(663, 6, 'F03', 'F', '03', '2025-11-29 23:42:38'),
(664, 6, 'F04', 'F', '04', '2025-11-29 23:42:38'),
(665, 6, 'F05', 'F', '05', '2025-11-29 23:42:38'),
(666, 6, 'F06', 'F', '06', '2025-11-29 23:42:38'),
(667, 6, 'F07', 'F', '07', '2025-11-29 23:42:38'),
(668, 6, 'F08', 'F', '08', '2025-11-29 23:42:38'),
(669, 6, 'F09', 'F', '09', '2025-11-29 23:42:38'),
(670, 6, 'F10', 'F', '10', '2025-11-29 23:42:38'),
(671, 6, 'F11', 'F', '11', '2025-11-29 23:42:38'),
(672, 6, 'F12', 'F', '12', '2025-11-29 23:42:38'),
(673, 6, 'G01', 'G', '01', '2025-11-29 23:42:38'),
(674, 6, 'G02', 'G', '02', '2025-11-29 23:42:38'),
(675, 6, 'G03', 'G', '03', '2025-11-29 23:42:38'),
(676, 6, 'G04', 'G', '04', '2025-11-29 23:42:38'),
(677, 6, 'G05', 'G', '05', '2025-11-29 23:42:38'),
(678, 6, 'G06', 'G', '06', '2025-11-29 23:42:38'),
(679, 6, 'G07', 'G', '07', '2025-11-29 23:42:38'),
(680, 6, 'G08', 'G', '08', '2025-11-29 23:42:38'),
(681, 6, 'G09', 'G', '09', '2025-11-29 23:42:38'),
(682, 6, 'G10', 'G', '10', '2025-11-29 23:42:38'),
(683, 6, 'G11', 'G', '11', '2025-11-29 23:42:38'),
(684, 6, 'G12', 'G', '12', '2025-11-29 23:42:38'),
(685, 6, 'H01', 'H', '01', '2025-11-29 23:42:38'),
(686, 6, 'H02', 'H', '02', '2025-11-29 23:42:38'),
(687, 6, 'H03', 'H', '03', '2025-11-29 23:42:38'),
(688, 6, 'H04', 'H', '04', '2025-11-29 23:42:38'),
(689, 6, 'H05', 'H', '05', '2025-11-29 23:42:38'),
(690, 6, 'H06', 'H', '06', '2025-11-29 23:42:38'),
(691, 6, 'H07', 'H', '07', '2025-11-29 23:42:38'),
(692, 6, 'H08', 'H', '08', '2025-11-29 23:42:38'),
(693, 6, 'H09', 'H', '09', '2025-11-29 23:42:38'),
(694, 6, 'H10', 'H', '10', '2025-11-29 23:42:38'),
(695, 6, 'H11', 'H', '11', '2025-11-29 23:42:38'),
(696, 6, 'H12', 'H', '12', '2025-11-29 23:42:38'),
(697, 6, 'I01', 'I', '01', '2025-11-29 23:42:38'),
(698, 6, 'I02', 'I', '02', '2025-11-29 23:42:38'),
(699, 6, 'I03', 'I', '03', '2025-11-29 23:42:38'),
(700, 6, 'I04', 'I', '04', '2025-11-29 23:42:38'),
(701, 6, 'I05', 'I', '05', '2025-11-29 23:42:38'),
(702, 6, 'I06', 'I', '06', '2025-11-29 23:42:38'),
(703, 6, 'I07', 'I', '07', '2025-11-29 23:42:38'),
(704, 6, 'I08', 'I', '08', '2025-11-29 23:42:38'),
(705, 6, 'I09', 'I', '09', '2025-11-29 23:42:38'),
(706, 6, 'I10', 'I', '10', '2025-11-29 23:42:38'),
(707, 6, 'I11', 'I', '11', '2025-11-29 23:42:38'),
(708, 6, 'I12', 'I', '12', '2025-11-29 23:42:38'),
(709, 6, 'J01', 'J', '01', '2025-11-29 23:42:38'),
(710, 6, 'J02', 'J', '02', '2025-11-29 23:42:38'),
(711, 6, 'J03', 'J', '03', '2025-11-29 23:42:38'),
(712, 6, 'J04', 'J', '04', '2025-11-29 23:42:38'),
(713, 6, 'J05', 'J', '05', '2025-11-29 23:42:38'),
(714, 6, 'J06', 'J', '06', '2025-11-29 23:42:38'),
(715, 6, 'J07', 'J', '07', '2025-11-29 23:42:38'),
(716, 6, 'J08', 'J', '08', '2025-11-29 23:42:38'),
(717, 6, 'J09', 'J', '09', '2025-11-29 23:42:38'),
(718, 6, 'J10', 'J', '10', '2025-11-29 23:42:38'),
(719, 6, 'J11', 'J', '11', '2025-11-29 23:42:38'),
(720, 6, 'J12', 'J', '12', '2025-11-29 23:42:38'),
(721, 7, 'A01', 'A', '01', '2025-11-29 23:42:38'),
(722, 7, 'A02', 'A', '02', '2025-11-29 23:42:38'),
(723, 7, 'A03', 'A', '03', '2025-11-29 23:42:38'),
(724, 7, 'A04', 'A', '04', '2025-11-29 23:42:38'),
(725, 7, 'A05', 'A', '05', '2025-11-29 23:42:38'),
(726, 7, 'A06', 'A', '06', '2025-11-29 23:42:38'),
(727, 7, 'A07', 'A', '07', '2025-11-29 23:42:38'),
(728, 7, 'A08', 'A', '08', '2025-11-29 23:42:38'),
(729, 7, 'A09', 'A', '09', '2025-11-29 23:42:38'),
(730, 7, 'A10', 'A', '10', '2025-11-29 23:42:38'),
(731, 7, 'A11', 'A', '11', '2025-11-29 23:42:38'),
(732, 7, 'A12', 'A', '12', '2025-11-29 23:42:38'),
(733, 7, 'B01', 'B', '01', '2025-11-29 23:42:38'),
(734, 7, 'B02', 'B', '02', '2025-11-29 23:42:38'),
(735, 7, 'B03', 'B', '03', '2025-11-29 23:42:38'),
(736, 7, 'B04', 'B', '04', '2025-11-29 23:42:38'),
(737, 7, 'B05', 'B', '05', '2025-11-29 23:42:38'),
(738, 7, 'B06', 'B', '06', '2025-11-29 23:42:38'),
(739, 7, 'B07', 'B', '07', '2025-11-29 23:42:38'),
(740, 7, 'B08', 'B', '08', '2025-11-29 23:42:38'),
(741, 7, 'B09', 'B', '09', '2025-11-29 23:42:38'),
(742, 7, 'B10', 'B', '10', '2025-11-29 23:42:38'),
(743, 7, 'B11', 'B', '11', '2025-11-29 23:42:38'),
(744, 7, 'B12', 'B', '12', '2025-11-29 23:42:38'),
(745, 7, 'C01', 'C', '01', '2025-11-29 23:42:38'),
(746, 7, 'C02', 'C', '02', '2025-11-29 23:42:38'),
(747, 7, 'C03', 'C', '03', '2025-11-29 23:42:38'),
(748, 7, 'C04', 'C', '04', '2025-11-29 23:42:38'),
(749, 7, 'C05', 'C', '05', '2025-11-29 23:42:38'),
(750, 7, 'C06', 'C', '06', '2025-11-29 23:42:38'),
(751, 7, 'C07', 'C', '07', '2025-11-29 23:42:38'),
(752, 7, 'C08', 'C', '08', '2025-11-29 23:42:38'),
(753, 7, 'C09', 'C', '09', '2025-11-29 23:42:38'),
(754, 7, 'C10', 'C', '10', '2025-11-29 23:42:38'),
(755, 7, 'C11', 'C', '11', '2025-11-29 23:42:38'),
(756, 7, 'C12', 'C', '12', '2025-11-29 23:42:38'),
(757, 7, 'D01', 'D', '01', '2025-11-29 23:42:38'),
(758, 7, 'D02', 'D', '02', '2025-11-29 23:42:38'),
(759, 7, 'D03', 'D', '03', '2025-11-29 23:42:38'),
(760, 7, 'D04', 'D', '04', '2025-11-29 23:42:38'),
(761, 7, 'D05', 'D', '05', '2025-11-29 23:42:38'),
(762, 7, 'D06', 'D', '06', '2025-11-29 23:42:38'),
(763, 7, 'D07', 'D', '07', '2025-11-29 23:42:38'),
(764, 7, 'D08', 'D', '08', '2025-11-29 23:42:38'),
(765, 7, 'D09', 'D', '09', '2025-11-29 23:42:38'),
(766, 7, 'D10', 'D', '10', '2025-11-29 23:42:38'),
(767, 7, 'D11', 'D', '11', '2025-11-29 23:42:38'),
(768, 7, 'D12', 'D', '12', '2025-11-29 23:42:38'),
(769, 7, 'E01', 'E', '01', '2025-11-29 23:42:38'),
(770, 7, 'E02', 'E', '02', '2025-11-29 23:42:38'),
(771, 7, 'E03', 'E', '03', '2025-11-29 23:42:38'),
(772, 7, 'E04', 'E', '04', '2025-11-29 23:42:38'),
(773, 7, 'E05', 'E', '05', '2025-11-29 23:42:38'),
(774, 7, 'E06', 'E', '06', '2025-11-29 23:42:38'),
(775, 7, 'E07', 'E', '07', '2025-11-29 23:42:38'),
(776, 7, 'E08', 'E', '08', '2025-11-29 23:42:38'),
(777, 7, 'E09', 'E', '09', '2025-11-29 23:42:38'),
(778, 7, 'E10', 'E', '10', '2025-11-29 23:42:38'),
(779, 7, 'E11', 'E', '11', '2025-11-29 23:42:38'),
(780, 7, 'E12', 'E', '12', '2025-11-29 23:42:38'),
(781, 7, 'F01', 'F', '01', '2025-11-29 23:42:38'),
(782, 7, 'F02', 'F', '02', '2025-11-29 23:42:38'),
(783, 7, 'F03', 'F', '03', '2025-11-29 23:42:38'),
(784, 7, 'F04', 'F', '04', '2025-11-29 23:42:38'),
(785, 7, 'F05', 'F', '05', '2025-11-29 23:42:38'),
(786, 7, 'F06', 'F', '06', '2025-11-29 23:42:38'),
(787, 7, 'F07', 'F', '07', '2025-11-29 23:42:38'),
(788, 7, 'F08', 'F', '08', '2025-11-29 23:42:38'),
(789, 7, 'F09', 'F', '09', '2025-11-29 23:42:38'),
(790, 7, 'F10', 'F', '10', '2025-11-29 23:42:38'),
(791, 7, 'F11', 'F', '11', '2025-11-29 23:42:38'),
(792, 7, 'F12', 'F', '12', '2025-11-29 23:42:38'),
(793, 7, 'G01', 'G', '01', '2025-11-29 23:42:38'),
(794, 7, 'G02', 'G', '02', '2025-11-29 23:42:38'),
(795, 7, 'G03', 'G', '03', '2025-11-29 23:42:38'),
(796, 7, 'G04', 'G', '04', '2025-11-29 23:42:38'),
(797, 7, 'G05', 'G', '05', '2025-11-29 23:42:38'),
(798, 7, 'G06', 'G', '06', '2025-11-29 23:42:38'),
(799, 7, 'G07', 'G', '07', '2025-11-29 23:42:38'),
(800, 7, 'G08', 'G', '08', '2025-11-29 23:42:38'),
(801, 7, 'G09', 'G', '09', '2025-11-29 23:42:38'),
(802, 7, 'G10', 'G', '10', '2025-11-29 23:42:38'),
(803, 7, 'G11', 'G', '11', '2025-11-29 23:42:38'),
(804, 7, 'G12', 'G', '12', '2025-11-29 23:42:38'),
(805, 7, 'H01', 'H', '01', '2025-11-29 23:42:38'),
(806, 7, 'H02', 'H', '02', '2025-11-29 23:42:38'),
(807, 7, 'H03', 'H', '03', '2025-11-29 23:42:38'),
(808, 7, 'H04', 'H', '04', '2025-11-29 23:42:38'),
(809, 7, 'H05', 'H', '05', '2025-11-29 23:42:38'),
(810, 7, 'H06', 'H', '06', '2025-11-29 23:42:38'),
(811, 7, 'H07', 'H', '07', '2025-11-29 23:42:38'),
(812, 7, 'H08', 'H', '08', '2025-11-29 23:42:38'),
(813, 7, 'H09', 'H', '09', '2025-11-29 23:42:38'),
(814, 7, 'H10', 'H', '10', '2025-11-29 23:42:38'),
(815, 7, 'H11', 'H', '11', '2025-11-29 23:42:38'),
(816, 7, 'H12', 'H', '12', '2025-11-29 23:42:38'),
(817, 7, 'I01', 'I', '01', '2025-11-29 23:42:38'),
(818, 7, 'I02', 'I', '02', '2025-11-29 23:42:38'),
(819, 7, 'I03', 'I', '03', '2025-11-29 23:42:38'),
(820, 7, 'I04', 'I', '04', '2025-11-29 23:42:38'),
(821, 7, 'I05', 'I', '05', '2025-11-29 23:42:38'),
(822, 7, 'I06', 'I', '06', '2025-11-29 23:42:38'),
(823, 7, 'I07', 'I', '07', '2025-11-29 23:42:38'),
(824, 7, 'I08', 'I', '08', '2025-11-29 23:42:38'),
(825, 7, 'I09', 'I', '09', '2025-11-29 23:42:38'),
(826, 7, 'I10', 'I', '10', '2025-11-29 23:42:38'),
(827, 7, 'I11', 'I', '11', '2025-11-29 23:42:38'),
(828, 7, 'I12', 'I', '12', '2025-11-29 23:42:38'),
(829, 7, 'J01', 'J', '01', '2025-11-29 23:42:38'),
(830, 7, 'J02', 'J', '02', '2025-11-29 23:42:38'),
(831, 7, 'J03', 'J', '03', '2025-11-29 23:42:38'),
(832, 7, 'J04', 'J', '04', '2025-11-29 23:42:38'),
(833, 7, 'J05', 'J', '05', '2025-11-29 23:42:38'),
(834, 7, 'J06', 'J', '06', '2025-11-29 23:42:38'),
(835, 7, 'J07', 'J', '07', '2025-11-29 23:42:38'),
(836, 7, 'J08', 'J', '08', '2025-11-29 23:42:38'),
(837, 7, 'J09', 'J', '09', '2025-11-29 23:42:38'),
(838, 7, 'J10', 'J', '10', '2025-11-29 23:42:38'),
(839, 7, 'J11', 'J', '11', '2025-11-29 23:42:38'),
(840, 7, 'J12', 'J', '12', '2025-11-29 23:42:38'),
(841, 8, 'A01', 'A', '01', '2025-11-29 23:42:38'),
(842, 8, 'A02', 'A', '02', '2025-11-29 23:42:38'),
(843, 8, 'A03', 'A', '03', '2025-11-29 23:42:38'),
(844, 8, 'A04', 'A', '04', '2025-11-29 23:42:38'),
(845, 8, 'A05', 'A', '05', '2025-11-29 23:42:38'),
(846, 8, 'A06', 'A', '06', '2025-11-29 23:42:38'),
(847, 8, 'A07', 'A', '07', '2025-11-29 23:42:38'),
(848, 8, 'A08', 'A', '08', '2025-11-29 23:42:38'),
(849, 8, 'A09', 'A', '09', '2025-11-29 23:42:38'),
(850, 8, 'A10', 'A', '10', '2025-11-29 23:42:38'),
(851, 8, 'A11', 'A', '11', '2025-11-29 23:42:38'),
(852, 8, 'A12', 'A', '12', '2025-11-29 23:42:38'),
(853, 8, 'B01', 'B', '01', '2025-11-29 23:42:38'),
(854, 8, 'B02', 'B', '02', '2025-11-29 23:42:38'),
(855, 8, 'B03', 'B', '03', '2025-11-29 23:42:38'),
(856, 8, 'B04', 'B', '04', '2025-11-29 23:42:38'),
(857, 8, 'B05', 'B', '05', '2025-11-29 23:42:38'),
(858, 8, 'B06', 'B', '06', '2025-11-29 23:42:38'),
(859, 8, 'B07', 'B', '07', '2025-11-29 23:42:38'),
(860, 8, 'B08', 'B', '08', '2025-11-29 23:42:38'),
(861, 8, 'B09', 'B', '09', '2025-11-29 23:42:38'),
(862, 8, 'B10', 'B', '10', '2025-11-29 23:42:38'),
(863, 8, 'B11', 'B', '11', '2025-11-29 23:42:38'),
(864, 8, 'B12', 'B', '12', '2025-11-29 23:42:38'),
(865, 8, 'C01', 'C', '01', '2025-11-29 23:42:38'),
(866, 8, 'C02', 'C', '02', '2025-11-29 23:42:38'),
(867, 8, 'C03', 'C', '03', '2025-11-29 23:42:38'),
(868, 8, 'C04', 'C', '04', '2025-11-29 23:42:38'),
(869, 8, 'C05', 'C', '05', '2025-11-29 23:42:38'),
(870, 8, 'C06', 'C', '06', '2025-11-29 23:42:38'),
(871, 8, 'C07', 'C', '07', '2025-11-29 23:42:38'),
(872, 8, 'C08', 'C', '08', '2025-11-29 23:42:38'),
(873, 8, 'C09', 'C', '09', '2025-11-29 23:42:38'),
(874, 8, 'C10', 'C', '10', '2025-11-29 23:42:38'),
(875, 8, 'C11', 'C', '11', '2025-11-29 23:42:38'),
(876, 8, 'C12', 'C', '12', '2025-11-29 23:42:38'),
(877, 8, 'D01', 'D', '01', '2025-11-29 23:42:38'),
(878, 8, 'D02', 'D', '02', '2025-11-29 23:42:38'),
(879, 8, 'D03', 'D', '03', '2025-11-29 23:42:38'),
(880, 8, 'D04', 'D', '04', '2025-11-29 23:42:38'),
(881, 8, 'D05', 'D', '05', '2025-11-29 23:42:38'),
(882, 8, 'D06', 'D', '06', '2025-11-29 23:42:38'),
(883, 8, 'D07', 'D', '07', '2025-11-29 23:42:38'),
(884, 8, 'D08', 'D', '08', '2025-11-29 23:42:38'),
(885, 8, 'D09', 'D', '09', '2025-11-29 23:42:38'),
(886, 8, 'D10', 'D', '10', '2025-11-29 23:42:38'),
(887, 8, 'D11', 'D', '11', '2025-11-29 23:42:38'),
(888, 8, 'D12', 'D', '12', '2025-11-29 23:42:38'),
(889, 8, 'E01', 'E', '01', '2025-11-29 23:42:38'),
(890, 8, 'E02', 'E', '02', '2025-11-29 23:42:38'),
(891, 8, 'E03', 'E', '03', '2025-11-29 23:42:38'),
(892, 8, 'E04', 'E', '04', '2025-11-29 23:42:38'),
(893, 8, 'E05', 'E', '05', '2025-11-29 23:42:38'),
(894, 8, 'E06', 'E', '06', '2025-11-29 23:42:38'),
(895, 8, 'E07', 'E', '07', '2025-11-29 23:42:38'),
(896, 8, 'E08', 'E', '08', '2025-11-29 23:42:38'),
(897, 8, 'E09', 'E', '09', '2025-11-29 23:42:38'),
(898, 8, 'E10', 'E', '10', '2025-11-29 23:42:38'),
(899, 8, 'E11', 'E', '11', '2025-11-29 23:42:38'),
(900, 8, 'E12', 'E', '12', '2025-11-29 23:42:38'),
(901, 8, 'F01', 'F', '01', '2025-11-29 23:42:38'),
(902, 8, 'F02', 'F', '02', '2025-11-29 23:42:38'),
(903, 8, 'F03', 'F', '03', '2025-11-29 23:42:38'),
(904, 8, 'F04', 'F', '04', '2025-11-29 23:42:38'),
(905, 8, 'F05', 'F', '05', '2025-11-29 23:42:38'),
(906, 8, 'F06', 'F', '06', '2025-11-29 23:42:38'),
(907, 8, 'F07', 'F', '07', '2025-11-29 23:42:38'),
(908, 8, 'F08', 'F', '08', '2025-11-29 23:42:38'),
(909, 8, 'F09', 'F', '09', '2025-11-29 23:42:38'),
(910, 8, 'F10', 'F', '10', '2025-11-29 23:42:38'),
(911, 8, 'F11', 'F', '11', '2025-11-29 23:42:38'),
(912, 8, 'F12', 'F', '12', '2025-11-29 23:42:38'),
(913, 8, 'G01', 'G', '01', '2025-11-29 23:42:38'),
(914, 8, 'G02', 'G', '02', '2025-11-29 23:42:38'),
(915, 8, 'G03', 'G', '03', '2025-11-29 23:42:38'),
(916, 8, 'G04', 'G', '04', '2025-11-29 23:42:38'),
(917, 8, 'G05', 'G', '05', '2025-11-29 23:42:38'),
(918, 8, 'G06', 'G', '06', '2025-11-29 23:42:38'),
(919, 8, 'G07', 'G', '07', '2025-11-29 23:42:38'),
(920, 8, 'G08', 'G', '08', '2025-11-29 23:42:38'),
(921, 8, 'G09', 'G', '09', '2025-11-29 23:42:38'),
(922, 8, 'G10', 'G', '10', '2025-11-29 23:42:38'),
(923, 8, 'G11', 'G', '11', '2025-11-29 23:42:38'),
(924, 8, 'G12', 'G', '12', '2025-11-29 23:42:38'),
(925, 8, 'H01', 'H', '01', '2025-11-29 23:42:38'),
(926, 8, 'H02', 'H', '02', '2025-11-29 23:42:38'),
(927, 8, 'H03', 'H', '03', '2025-11-29 23:42:38'),
(928, 8, 'H04', 'H', '04', '2025-11-29 23:42:38'),
(929, 8, 'H05', 'H', '05', '2025-11-29 23:42:38'),
(930, 8, 'H06', 'H', '06', '2025-11-29 23:42:38'),
(931, 8, 'H07', 'H', '07', '2025-11-29 23:42:38'),
(932, 8, 'H08', 'H', '08', '2025-11-29 23:42:38'),
(933, 8, 'H09', 'H', '09', '2025-11-29 23:42:38'),
(934, 8, 'H10', 'H', '10', '2025-11-29 23:42:38'),
(935, 8, 'H11', 'H', '11', '2025-11-29 23:42:38'),
(936, 8, 'H12', 'H', '12', '2025-11-29 23:42:38'),
(937, 8, 'I01', 'I', '01', '2025-11-29 23:42:38'),
(938, 8, 'I02', 'I', '02', '2025-11-29 23:42:38'),
(939, 8, 'I03', 'I', '03', '2025-11-29 23:42:38'),
(940, 8, 'I04', 'I', '04', '2025-11-29 23:42:38'),
(941, 8, 'I05', 'I', '05', '2025-11-29 23:42:38'),
(942, 8, 'I06', 'I', '06', '2025-11-29 23:42:38'),
(943, 8, 'I07', 'I', '07', '2025-11-29 23:42:38'),
(944, 8, 'I08', 'I', '08', '2025-11-29 23:42:38'),
(945, 8, 'I09', 'I', '09', '2025-11-29 23:42:38'),
(946, 8, 'I10', 'I', '10', '2025-11-29 23:42:38'),
(947, 8, 'I11', 'I', '11', '2025-11-29 23:42:38'),
(948, 8, 'I12', 'I', '12', '2025-11-29 23:42:38'),
(949, 8, 'J01', 'J', '01', '2025-11-29 23:42:38'),
(950, 8, 'J02', 'J', '02', '2025-11-29 23:42:38'),
(951, 8, 'J03', 'J', '03', '2025-11-29 23:42:38'),
(952, 8, 'J04', 'J', '04', '2025-11-29 23:42:38'),
(953, 8, 'J05', 'J', '05', '2025-11-29 23:42:38'),
(954, 8, 'J06', 'J', '06', '2025-11-29 23:42:38'),
(955, 8, 'J07', 'J', '07', '2025-11-29 23:42:38'),
(956, 8, 'J08', 'J', '08', '2025-11-29 23:42:38'),
(957, 8, 'J09', 'J', '09', '2025-11-29 23:42:38'),
(958, 8, 'J10', 'J', '10', '2025-11-29 23:42:38'),
(959, 8, 'J11', 'J', '11', '2025-11-29 23:42:38'),
(960, 8, 'J12', 'J', '12', '2025-11-29 23:42:38'),
(961, 9, 'A01', 'A', '01', '2025-11-29 23:42:38'),
(962, 9, 'A02', 'A', '02', '2025-11-29 23:42:38'),
(963, 9, 'A03', 'A', '03', '2025-11-29 23:42:38'),
(964, 9, 'A04', 'A', '04', '2025-11-29 23:42:38'),
(965, 9, 'A05', 'A', '05', '2025-11-29 23:42:38'),
(966, 9, 'A06', 'A', '06', '2025-11-29 23:42:38'),
(967, 9, 'A07', 'A', '07', '2025-11-29 23:42:38'),
(968, 9, 'A08', 'A', '08', '2025-11-29 23:42:38'),
(969, 9, 'A09', 'A', '09', '2025-11-29 23:42:38'),
(970, 9, 'A10', 'A', '10', '2025-11-29 23:42:38'),
(971, 9, 'A11', 'A', '11', '2025-11-29 23:42:38'),
(972, 9, 'A12', 'A', '12', '2025-11-29 23:42:38'),
(973, 9, 'B01', 'B', '01', '2025-11-29 23:42:38'),
(974, 9, 'B02', 'B', '02', '2025-11-29 23:42:38'),
(975, 9, 'B03', 'B', '03', '2025-11-29 23:42:38'),
(976, 9, 'B04', 'B', '04', '2025-11-29 23:42:38'),
(977, 9, 'B05', 'B', '05', '2025-11-29 23:42:38'),
(978, 9, 'B06', 'B', '06', '2025-11-29 23:42:38'),
(979, 9, 'B07', 'B', '07', '2025-11-29 23:42:38'),
(980, 9, 'B08', 'B', '08', '2025-11-29 23:42:38'),
(981, 9, 'B09', 'B', '09', '2025-11-29 23:42:38'),
(982, 9, 'B10', 'B', '10', '2025-11-29 23:42:38'),
(983, 9, 'B11', 'B', '11', '2025-11-29 23:42:38'),
(984, 9, 'B12', 'B', '12', '2025-11-29 23:42:38'),
(985, 9, 'C01', 'C', '01', '2025-11-29 23:42:38'),
(986, 9, 'C02', 'C', '02', '2025-11-29 23:42:38'),
(987, 9, 'C03', 'C', '03', '2025-11-29 23:42:38'),
(988, 9, 'C04', 'C', '04', '2025-11-29 23:42:38'),
(989, 9, 'C05', 'C', '05', '2025-11-29 23:42:38'),
(990, 9, 'C06', 'C', '06', '2025-11-29 23:42:38'),
(991, 9, 'C07', 'C', '07', '2025-11-29 23:42:38'),
(992, 9, 'C08', 'C', '08', '2025-11-29 23:42:38'),
(993, 9, 'C09', 'C', '09', '2025-11-29 23:42:38'),
(994, 9, 'C10', 'C', '10', '2025-11-29 23:42:38'),
(995, 9, 'C11', 'C', '11', '2025-11-29 23:42:38'),
(996, 9, 'C12', 'C', '12', '2025-11-29 23:42:38'),
(997, 9, 'D01', 'D', '01', '2025-11-29 23:42:38'),
(998, 9, 'D02', 'D', '02', '2025-11-29 23:42:38'),
(999, 9, 'D03', 'D', '03', '2025-11-29 23:42:38'),
(1000, 9, 'D04', 'D', '04', '2025-11-29 23:42:38'),
(1001, 9, 'D05', 'D', '05', '2025-11-29 23:42:38'),
(1002, 9, 'D06', 'D', '06', '2025-11-29 23:42:38'),
(1003, 9, 'D07', 'D', '07', '2025-11-29 23:42:38'),
(1004, 9, 'D08', 'D', '08', '2025-11-29 23:42:38'),
(1005, 9, 'D09', 'D', '09', '2025-11-29 23:42:38'),
(1006, 9, 'D10', 'D', '10', '2025-11-29 23:42:38'),
(1007, 9, 'D11', 'D', '11', '2025-11-29 23:42:38'),
(1008, 9, 'D12', 'D', '12', '2025-11-29 23:42:38'),
(1009, 9, 'E01', 'E', '01', '2025-11-29 23:42:38'),
(1010, 9, 'E02', 'E', '02', '2025-11-29 23:42:38'),
(1011, 9, 'E03', 'E', '03', '2025-11-29 23:42:38'),
(1012, 9, 'E04', 'E', '04', '2025-11-29 23:42:38'),
(1013, 9, 'E05', 'E', '05', '2025-11-29 23:42:38'),
(1014, 9, 'E06', 'E', '06', '2025-11-29 23:42:38'),
(1015, 9, 'E07', 'E', '07', '2025-11-29 23:42:38'),
(1016, 9, 'E08', 'E', '08', '2025-11-29 23:42:38'),
(1017, 9, 'E09', 'E', '09', '2025-11-29 23:42:38'),
(1018, 9, 'E10', 'E', '10', '2025-11-29 23:42:38'),
(1019, 9, 'E11', 'E', '11', '2025-11-29 23:42:38'),
(1020, 9, 'E12', 'E', '12', '2025-11-29 23:42:38');
INSERT INTO `seat_maps` (`seat_id`, `id_studio`, `seat_code`, `no_baris`, `no_kolom`, `updated_at`) VALUES
(1021, 9, 'F01', 'F', '01', '2025-11-29 23:42:38'),
(1022, 9, 'F02', 'F', '02', '2025-11-29 23:42:38'),
(1023, 9, 'F03', 'F', '03', '2025-11-29 23:42:38'),
(1024, 9, 'F04', 'F', '04', '2025-11-29 23:42:38'),
(1025, 9, 'F05', 'F', '05', '2025-11-29 23:42:38'),
(1026, 9, 'F06', 'F', '06', '2025-11-29 23:42:38'),
(1027, 9, 'F07', 'F', '07', '2025-11-29 23:42:38'),
(1028, 9, 'F08', 'F', '08', '2025-11-29 23:42:38'),
(1029, 9, 'F09', 'F', '09', '2025-11-29 23:42:38'),
(1030, 9, 'F10', 'F', '10', '2025-11-29 23:42:38'),
(1031, 9, 'F11', 'F', '11', '2025-11-29 23:42:38'),
(1032, 9, 'F12', 'F', '12', '2025-11-29 23:42:38'),
(1033, 9, 'G01', 'G', '01', '2025-11-29 23:42:38'),
(1034, 9, 'G02', 'G', '02', '2025-11-29 23:42:38'),
(1035, 9, 'G03', 'G', '03', '2025-11-29 23:42:38'),
(1036, 9, 'G04', 'G', '04', '2025-11-29 23:42:38'),
(1037, 9, 'G05', 'G', '05', '2025-11-29 23:42:38'),
(1038, 9, 'G06', 'G', '06', '2025-11-29 23:42:38'),
(1039, 9, 'G07', 'G', '07', '2025-11-29 23:42:38'),
(1040, 9, 'G08', 'G', '08', '2025-11-29 23:42:38'),
(1041, 9, 'G09', 'G', '09', '2025-11-29 23:42:38'),
(1042, 9, 'G10', 'G', '10', '2025-11-29 23:42:38'),
(1043, 9, 'G11', 'G', '11', '2025-11-29 23:42:38'),
(1044, 9, 'G12', 'G', '12', '2025-11-29 23:42:38'),
(1045, 9, 'H01', 'H', '01', '2025-11-29 23:42:38'),
(1046, 9, 'H02', 'H', '02', '2025-11-29 23:42:38'),
(1047, 9, 'H03', 'H', '03', '2025-11-29 23:42:38'),
(1048, 9, 'H04', 'H', '04', '2025-11-29 23:42:38'),
(1049, 9, 'H05', 'H', '05', '2025-11-29 23:42:38'),
(1050, 9, 'H06', 'H', '06', '2025-11-29 23:42:38'),
(1051, 9, 'H07', 'H', '07', '2025-11-29 23:42:38'),
(1052, 9, 'H08', 'H', '08', '2025-11-29 23:42:38'),
(1053, 9, 'H09', 'H', '09', '2025-11-29 23:42:38'),
(1054, 9, 'H10', 'H', '10', '2025-11-29 23:42:38'),
(1055, 9, 'H11', 'H', '11', '2025-11-29 23:42:38'),
(1056, 9, 'H12', 'H', '12', '2025-11-29 23:42:38'),
(1057, 9, 'I01', 'I', '01', '2025-11-29 23:42:38'),
(1058, 9, 'I02', 'I', '02', '2025-11-29 23:42:38'),
(1059, 9, 'I03', 'I', '03', '2025-11-29 23:42:38'),
(1060, 9, 'I04', 'I', '04', '2025-11-29 23:42:38'),
(1061, 9, 'I05', 'I', '05', '2025-11-29 23:42:38'),
(1062, 9, 'I06', 'I', '06', '2025-11-29 23:42:38'),
(1063, 9, 'I07', 'I', '07', '2025-11-29 23:42:38'),
(1064, 9, 'I08', 'I', '08', '2025-11-29 23:42:38'),
(1065, 9, 'I09', 'I', '09', '2025-11-29 23:42:38'),
(1066, 9, 'I10', 'I', '10', '2025-11-29 23:42:38'),
(1067, 9, 'I11', 'I', '11', '2025-11-29 23:42:38'),
(1068, 9, 'I12', 'I', '12', '2025-11-29 23:42:38'),
(1069, 9, 'J01', 'J', '01', '2025-11-29 23:42:38'),
(1070, 9, 'J02', 'J', '02', '2025-11-29 23:42:38'),
(1071, 9, 'J03', 'J', '03', '2025-11-29 23:42:38'),
(1072, 9, 'J04', 'J', '04', '2025-11-29 23:42:38'),
(1073, 9, 'J05', 'J', '05', '2025-11-29 23:42:38'),
(1074, 9, 'J06', 'J', '06', '2025-11-29 23:42:38'),
(1075, 9, 'J07', 'J', '07', '2025-11-29 23:42:38'),
(1076, 9, 'J08', 'J', '08', '2025-11-29 23:42:38'),
(1077, 9, 'J09', 'J', '09', '2025-11-29 23:42:38'),
(1078, 9, 'J10', 'J', '10', '2025-11-29 23:42:38'),
(1079, 9, 'J11', 'J', '11', '2025-11-29 23:42:38'),
(1080, 9, 'J12', 'J', '12', '2025-11-29 23:42:38'),
(1081, 10, 'A01', 'A', '01', '2025-11-29 23:42:38'),
(1082, 10, 'A02', 'A', '02', '2025-11-29 23:42:38'),
(1083, 10, 'A03', 'A', '03', '2025-11-29 23:42:38'),
(1084, 10, 'A04', 'A', '04', '2025-11-29 23:42:38'),
(1085, 10, 'A05', 'A', '05', '2025-11-29 23:42:38'),
(1086, 10, 'A06', 'A', '06', '2025-11-29 23:42:38'),
(1087, 10, 'A07', 'A', '07', '2025-11-29 23:42:38'),
(1088, 10, 'A08', 'A', '08', '2025-11-29 23:42:38'),
(1089, 10, 'A09', 'A', '09', '2025-11-29 23:42:38'),
(1090, 10, 'A10', 'A', '10', '2025-11-29 23:42:38'),
(1091, 10, 'A11', 'A', '11', '2025-11-29 23:42:38'),
(1092, 10, 'A12', 'A', '12', '2025-11-29 23:42:38'),
(1093, 10, 'B01', 'B', '01', '2025-11-29 23:42:38'),
(1094, 10, 'B02', 'B', '02', '2025-11-29 23:42:38'),
(1095, 10, 'B03', 'B', '03', '2025-11-29 23:42:38'),
(1096, 10, 'B04', 'B', '04', '2025-11-29 23:42:38'),
(1097, 10, 'B05', 'B', '05', '2025-11-29 23:42:38'),
(1098, 10, 'B06', 'B', '06', '2025-11-29 23:42:38'),
(1099, 10, 'B07', 'B', '07', '2025-11-29 23:42:38'),
(1100, 10, 'B08', 'B', '08', '2025-11-29 23:42:38'),
(1101, 10, 'B09', 'B', '09', '2025-11-29 23:42:38'),
(1102, 10, 'B10', 'B', '10', '2025-11-29 23:42:38'),
(1103, 10, 'B11', 'B', '11', '2025-11-29 23:42:38'),
(1104, 10, 'B12', 'B', '12', '2025-11-29 23:42:38'),
(1105, 10, 'C01', 'C', '01', '2025-11-29 23:42:38'),
(1106, 10, 'C02', 'C', '02', '2025-11-29 23:42:38'),
(1107, 10, 'C03', 'C', '03', '2025-11-29 23:42:38'),
(1108, 10, 'C04', 'C', '04', '2025-11-29 23:42:38'),
(1109, 10, 'C05', 'C', '05', '2025-11-29 23:42:38'),
(1110, 10, 'C06', 'C', '06', '2025-11-29 23:42:38'),
(1111, 10, 'C07', 'C', '07', '2025-11-29 23:42:38'),
(1112, 10, 'C08', 'C', '08', '2025-11-29 23:42:38'),
(1113, 10, 'C09', 'C', '09', '2025-11-29 23:42:38'),
(1114, 10, 'C10', 'C', '10', '2025-11-29 23:42:38'),
(1115, 10, 'C11', 'C', '11', '2025-11-29 23:42:38'),
(1116, 10, 'C12', 'C', '12', '2025-11-29 23:42:38'),
(1117, 10, 'D01', 'D', '01', '2025-11-29 23:42:38'),
(1118, 10, 'D02', 'D', '02', '2025-11-29 23:42:38'),
(1119, 10, 'D03', 'D', '03', '2025-11-29 23:42:38'),
(1120, 10, 'D04', 'D', '04', '2025-11-29 23:42:38'),
(1121, 10, 'D05', 'D', '05', '2025-11-29 23:42:38'),
(1122, 10, 'D06', 'D', '06', '2025-11-29 23:42:38'),
(1123, 10, 'D07', 'D', '07', '2025-11-29 23:42:38'),
(1124, 10, 'D08', 'D', '08', '2025-11-29 23:42:38'),
(1125, 10, 'D09', 'D', '09', '2025-11-29 23:42:38'),
(1126, 10, 'D10', 'D', '10', '2025-11-29 23:42:38'),
(1127, 10, 'D11', 'D', '11', '2025-11-29 23:42:38'),
(1128, 10, 'D12', 'D', '12', '2025-11-29 23:42:38'),
(1129, 10, 'E01', 'E', '01', '2025-11-29 23:42:38'),
(1130, 10, 'E02', 'E', '02', '2025-11-29 23:42:38'),
(1131, 10, 'E03', 'E', '03', '2025-11-29 23:42:38'),
(1132, 10, 'E04', 'E', '04', '2025-11-29 23:42:38'),
(1133, 10, 'E05', 'E', '05', '2025-11-29 23:42:38'),
(1134, 10, 'E06', 'E', '06', '2025-11-29 23:42:38'),
(1135, 10, 'E07', 'E', '07', '2025-11-29 23:42:38'),
(1136, 10, 'E08', 'E', '08', '2025-11-29 23:42:38'),
(1137, 10, 'E09', 'E', '09', '2025-11-29 23:42:38'),
(1138, 10, 'E10', 'E', '10', '2025-11-29 23:42:38'),
(1139, 10, 'E11', 'E', '11', '2025-11-29 23:42:38'),
(1140, 10, 'E12', 'E', '12', '2025-11-29 23:42:38'),
(1141, 10, 'F01', 'F', '01', '2025-11-29 23:42:38'),
(1142, 10, 'F02', 'F', '02', '2025-11-29 23:42:38'),
(1143, 10, 'F03', 'F', '03', '2025-11-29 23:42:38'),
(1144, 10, 'F04', 'F', '04', '2025-11-29 23:42:38'),
(1145, 10, 'F05', 'F', '05', '2025-11-29 23:42:38'),
(1146, 10, 'F06', 'F', '06', '2025-11-29 23:42:38'),
(1147, 10, 'F07', 'F', '07', '2025-11-29 23:42:38'),
(1148, 10, 'F08', 'F', '08', '2025-11-29 23:42:38'),
(1149, 10, 'F09', 'F', '09', '2025-11-29 23:42:38'),
(1150, 10, 'F10', 'F', '10', '2025-11-29 23:42:38'),
(1151, 10, 'F11', 'F', '11', '2025-11-29 23:42:38'),
(1152, 10, 'F12', 'F', '12', '2025-11-29 23:42:38'),
(1153, 10, 'G01', 'G', '01', '2025-11-29 23:42:38'),
(1154, 10, 'G02', 'G', '02', '2025-11-29 23:42:38'),
(1155, 10, 'G03', 'G', '03', '2025-11-29 23:42:38'),
(1156, 10, 'G04', 'G', '04', '2025-11-29 23:42:38'),
(1157, 10, 'G05', 'G', '05', '2025-11-29 23:42:38'),
(1158, 10, 'G06', 'G', '06', '2025-11-29 23:42:38'),
(1159, 10, 'G07', 'G', '07', '2025-11-29 23:42:38'),
(1160, 10, 'G08', 'G', '08', '2025-11-29 23:42:38'),
(1161, 10, 'G09', 'G', '09', '2025-11-29 23:42:38'),
(1162, 10, 'G10', 'G', '10', '2025-11-29 23:42:38'),
(1163, 10, 'G11', 'G', '11', '2025-11-29 23:42:38'),
(1164, 10, 'G12', 'G', '12', '2025-11-29 23:42:38'),
(1165, 10, 'H01', 'H', '01', '2025-11-29 23:42:38'),
(1166, 10, 'H02', 'H', '02', '2025-11-29 23:42:38'),
(1167, 10, 'H03', 'H', '03', '2025-11-29 23:42:38'),
(1168, 10, 'H04', 'H', '04', '2025-11-29 23:42:38'),
(1169, 10, 'H05', 'H', '05', '2025-11-29 23:42:38'),
(1170, 10, 'H06', 'H', '06', '2025-11-29 23:42:38'),
(1171, 10, 'H07', 'H', '07', '2025-11-29 23:42:38'),
(1172, 10, 'H08', 'H', '08', '2025-11-29 23:42:38'),
(1173, 10, 'H09', 'H', '09', '2025-11-29 23:42:38'),
(1174, 10, 'H10', 'H', '10', '2025-11-29 23:42:38'),
(1175, 10, 'H11', 'H', '11', '2025-11-29 23:42:38'),
(1176, 10, 'H12', 'H', '12', '2025-11-29 23:42:38'),
(1177, 10, 'I01', 'I', '01', '2025-11-29 23:42:38'),
(1178, 10, 'I02', 'I', '02', '2025-11-29 23:42:38'),
(1179, 10, 'I03', 'I', '03', '2025-11-29 23:42:38'),
(1180, 10, 'I04', 'I', '04', '2025-11-29 23:42:38'),
(1181, 10, 'I05', 'I', '05', '2025-11-29 23:42:38'),
(1182, 10, 'I06', 'I', '06', '2025-11-29 23:42:38'),
(1183, 10, 'I07', 'I', '07', '2025-11-29 23:42:38'),
(1184, 10, 'I08', 'I', '08', '2025-11-29 23:42:38'),
(1185, 10, 'I09', 'I', '09', '2025-11-29 23:42:38'),
(1186, 10, 'I10', 'I', '10', '2025-11-29 23:42:38'),
(1187, 10, 'I11', 'I', '11', '2025-11-29 23:42:38'),
(1188, 10, 'I12', 'I', '12', '2025-11-29 23:42:38'),
(1189, 10, 'J01', 'J', '01', '2025-11-29 23:42:38'),
(1190, 10, 'J02', 'J', '02', '2025-11-29 23:42:38'),
(1191, 10, 'J03', 'J', '03', '2025-11-29 23:42:38'),
(1192, 10, 'J04', 'J', '04', '2025-11-29 23:42:38'),
(1193, 10, 'J05', 'J', '05', '2025-11-29 23:42:38'),
(1194, 10, 'J06', 'J', '06', '2025-11-29 23:42:38'),
(1195, 10, 'J07', 'J', '07', '2025-11-29 23:42:38'),
(1196, 10, 'J08', 'J', '08', '2025-11-29 23:42:38'),
(1197, 10, 'J09', 'J', '09', '2025-11-29 23:42:38'),
(1198, 10, 'J10', 'J', '10', '2025-11-29 23:42:38'),
(1199, 10, 'J11', 'J', '11', '2025-11-29 23:42:38'),
(1200, 10, 'J12', 'J', '12', '2025-11-29 23:42:38'),
(1201, 11, 'A01', 'A', '01', '2025-11-29 23:42:38'),
(1202, 11, 'A02', 'A', '02', '2025-11-29 23:42:38'),
(1203, 11, 'A03', 'A', '03', '2025-11-29 23:42:38'),
(1204, 11, 'A04', 'A', '04', '2025-11-29 23:42:38'),
(1205, 11, 'A05', 'A', '05', '2025-11-29 23:42:38'),
(1206, 11, 'A06', 'A', '06', '2025-11-29 23:42:38'),
(1207, 11, 'A07', 'A', '07', '2025-11-29 23:42:38'),
(1208, 11, 'A08', 'A', '08', '2025-11-29 23:42:38'),
(1209, 11, 'A09', 'A', '09', '2025-11-29 23:42:38'),
(1210, 11, 'A10', 'A', '10', '2025-11-29 23:42:38'),
(1211, 11, 'A11', 'A', '11', '2025-11-29 23:42:38'),
(1212, 11, 'A12', 'A', '12', '2025-11-29 23:42:38'),
(1213, 11, 'B01', 'B', '01', '2025-11-29 23:42:38'),
(1214, 11, 'B02', 'B', '02', '2025-11-29 23:42:38'),
(1215, 11, 'B03', 'B', '03', '2025-11-29 23:42:38'),
(1216, 11, 'B04', 'B', '04', '2025-11-29 23:42:38'),
(1217, 11, 'B05', 'B', '05', '2025-11-29 23:42:38'),
(1218, 11, 'B06', 'B', '06', '2025-11-29 23:42:38'),
(1219, 11, 'B07', 'B', '07', '2025-11-29 23:42:38'),
(1220, 11, 'B08', 'B', '08', '2025-11-29 23:42:38'),
(1221, 11, 'B09', 'B', '09', '2025-11-29 23:42:38'),
(1222, 11, 'B10', 'B', '10', '2025-11-29 23:42:38'),
(1223, 11, 'B11', 'B', '11', '2025-11-29 23:42:38'),
(1224, 11, 'B12', 'B', '12', '2025-11-29 23:42:38'),
(1225, 11, 'C01', 'C', '01', '2025-11-29 23:42:38'),
(1226, 11, 'C02', 'C', '02', '2025-11-29 23:42:38'),
(1227, 11, 'C03', 'C', '03', '2025-11-29 23:42:38'),
(1228, 11, 'C04', 'C', '04', '2025-11-29 23:42:38'),
(1229, 11, 'C05', 'C', '05', '2025-11-29 23:42:38'),
(1230, 11, 'C06', 'C', '06', '2025-11-29 23:42:38'),
(1231, 11, 'C07', 'C', '07', '2025-11-29 23:42:38'),
(1232, 11, 'C08', 'C', '08', '2025-11-29 23:42:38'),
(1233, 11, 'C09', 'C', '09', '2025-11-29 23:42:38'),
(1234, 11, 'C10', 'C', '10', '2025-11-29 23:42:38'),
(1235, 11, 'C11', 'C', '11', '2025-11-29 23:42:38'),
(1236, 11, 'C12', 'C', '12', '2025-11-29 23:42:38'),
(1237, 11, 'D01', 'D', '01', '2025-11-29 23:42:38'),
(1238, 11, 'D02', 'D', '02', '2025-11-29 23:42:38'),
(1239, 11, 'D03', 'D', '03', '2025-11-29 23:42:38'),
(1240, 11, 'D04', 'D', '04', '2025-11-29 23:42:38'),
(1241, 11, 'D05', 'D', '05', '2025-11-29 23:42:38'),
(1242, 11, 'D06', 'D', '06', '2025-11-29 23:42:38'),
(1243, 11, 'D07', 'D', '07', '2025-11-29 23:42:38'),
(1244, 11, 'D08', 'D', '08', '2025-11-29 23:42:38'),
(1245, 11, 'D09', 'D', '09', '2025-11-29 23:42:38'),
(1246, 11, 'D10', 'D', '10', '2025-11-29 23:42:38'),
(1247, 11, 'D11', 'D', '11', '2025-11-29 23:42:38'),
(1248, 11, 'D12', 'D', '12', '2025-11-29 23:42:38'),
(1249, 11, 'E01', 'E', '01', '2025-11-29 23:42:38'),
(1250, 11, 'E02', 'E', '02', '2025-11-29 23:42:38'),
(1251, 11, 'E03', 'E', '03', '2025-11-29 23:42:38'),
(1252, 11, 'E04', 'E', '04', '2025-11-29 23:42:38'),
(1253, 11, 'E05', 'E', '05', '2025-11-29 23:42:38'),
(1254, 11, 'E06', 'E', '06', '2025-11-29 23:42:38'),
(1255, 11, 'E07', 'E', '07', '2025-11-29 23:42:38'),
(1256, 11, 'E08', 'E', '08', '2025-11-29 23:42:38'),
(1257, 11, 'E09', 'E', '09', '2025-11-29 23:42:38'),
(1258, 11, 'E10', 'E', '10', '2025-11-29 23:42:38'),
(1259, 11, 'E11', 'E', '11', '2025-11-29 23:42:38'),
(1260, 11, 'E12', 'E', '12', '2025-11-29 23:42:38'),
(1261, 11, 'F01', 'F', '01', '2025-11-29 23:42:38'),
(1262, 11, 'F02', 'F', '02', '2025-11-29 23:42:38'),
(1263, 11, 'F03', 'F', '03', '2025-11-29 23:42:38'),
(1264, 11, 'F04', 'F', '04', '2025-11-29 23:42:38'),
(1265, 11, 'F05', 'F', '05', '2025-11-29 23:42:38'),
(1266, 11, 'F06', 'F', '06', '2025-11-29 23:42:38'),
(1267, 11, 'F07', 'F', '07', '2025-11-29 23:42:38'),
(1268, 11, 'F08', 'F', '08', '2025-11-29 23:42:38'),
(1269, 11, 'F09', 'F', '09', '2025-11-29 23:42:38'),
(1270, 11, 'F10', 'F', '10', '2025-11-29 23:42:38'),
(1271, 11, 'F11', 'F', '11', '2025-11-29 23:42:38'),
(1272, 11, 'F12', 'F', '12', '2025-11-29 23:42:38'),
(1273, 11, 'G01', 'G', '01', '2025-11-29 23:42:38'),
(1274, 11, 'G02', 'G', '02', '2025-11-29 23:42:38'),
(1275, 11, 'G03', 'G', '03', '2025-11-29 23:42:38'),
(1276, 11, 'G04', 'G', '04', '2025-11-29 23:42:38'),
(1277, 11, 'G05', 'G', '05', '2025-11-29 23:42:38'),
(1278, 11, 'G06', 'G', '06', '2025-11-29 23:42:38'),
(1279, 11, 'G07', 'G', '07', '2025-11-29 23:42:38'),
(1280, 11, 'G08', 'G', '08', '2025-11-29 23:42:38'),
(1281, 11, 'G09', 'G', '09', '2025-11-29 23:42:38'),
(1282, 11, 'G10', 'G', '10', '2025-11-29 23:42:38'),
(1283, 11, 'G11', 'G', '11', '2025-11-29 23:42:38'),
(1284, 11, 'G12', 'G', '12', '2025-11-29 23:42:38'),
(1285, 11, 'H01', 'H', '01', '2025-11-29 23:42:38'),
(1286, 11, 'H02', 'H', '02', '2025-11-29 23:42:38'),
(1287, 11, 'H03', 'H', '03', '2025-11-29 23:42:38'),
(1288, 11, 'H04', 'H', '04', '2025-11-29 23:42:38'),
(1289, 11, 'H05', 'H', '05', '2025-11-29 23:42:38'),
(1290, 11, 'H06', 'H', '06', '2025-11-29 23:42:38'),
(1291, 11, 'H07', 'H', '07', '2025-11-29 23:42:38'),
(1292, 11, 'H08', 'H', '08', '2025-11-29 23:42:38'),
(1293, 11, 'H09', 'H', '09', '2025-11-29 23:42:38'),
(1294, 11, 'H10', 'H', '10', '2025-11-29 23:42:38'),
(1295, 11, 'H11', 'H', '11', '2025-11-29 23:42:38'),
(1296, 11, 'H12', 'H', '12', '2025-11-29 23:42:38'),
(1297, 11, 'I01', 'I', '01', '2025-11-29 23:42:38'),
(1298, 11, 'I02', 'I', '02', '2025-11-29 23:42:38'),
(1299, 11, 'I03', 'I', '03', '2025-11-29 23:42:38'),
(1300, 11, 'I04', 'I', '04', '2025-11-29 23:42:38'),
(1301, 11, 'I05', 'I', '05', '2025-11-29 23:42:38'),
(1302, 11, 'I06', 'I', '06', '2025-11-29 23:42:38'),
(1303, 11, 'I07', 'I', '07', '2025-11-29 23:42:38'),
(1304, 11, 'I08', 'I', '08', '2025-11-29 23:42:38'),
(1305, 11, 'I09', 'I', '09', '2025-11-29 23:42:38'),
(1306, 11, 'I10', 'I', '10', '2025-11-29 23:42:38'),
(1307, 11, 'I11', 'I', '11', '2025-11-29 23:42:38'),
(1308, 11, 'I12', 'I', '12', '2025-11-29 23:42:38'),
(1309, 11, 'J01', 'J', '01', '2025-11-29 23:42:38'),
(1310, 11, 'J02', 'J', '02', '2025-11-29 23:42:38'),
(1311, 11, 'J03', 'J', '03', '2025-11-29 23:42:38'),
(1312, 11, 'J04', 'J', '04', '2025-11-29 23:42:38'),
(1313, 11, 'J05', 'J', '05', '2025-11-29 23:42:38'),
(1314, 11, 'J06', 'J', '06', '2025-11-29 23:42:38'),
(1315, 11, 'J07', 'J', '07', '2025-11-29 23:42:38'),
(1316, 11, 'J08', 'J', '08', '2025-11-29 23:42:38'),
(1317, 11, 'J09', 'J', '09', '2025-11-29 23:42:38'),
(1318, 11, 'J10', 'J', '10', '2025-11-29 23:42:38'),
(1319, 11, 'J11', 'J', '11', '2025-11-29 23:42:38'),
(1320, 11, 'J12', 'J', '12', '2025-11-29 23:42:38'),
(1321, 12, 'A01', 'A', '01', '2025-11-29 23:42:38'),
(1322, 12, 'A02', 'A', '02', '2025-11-29 23:42:38'),
(1323, 12, 'A03', 'A', '03', '2025-11-29 23:42:38'),
(1324, 12, 'A04', 'A', '04', '2025-11-29 23:42:38'),
(1325, 12, 'A05', 'A', '05', '2025-11-29 23:42:38'),
(1326, 12, 'A06', 'A', '06', '2025-11-29 23:42:38'),
(1327, 12, 'A07', 'A', '07', '2025-11-29 23:42:38'),
(1328, 12, 'A08', 'A', '08', '2025-11-29 23:42:38'),
(1329, 12, 'A09', 'A', '09', '2025-11-29 23:42:38'),
(1330, 12, 'A10', 'A', '10', '2025-11-29 23:42:38'),
(1331, 12, 'A11', 'A', '11', '2025-11-29 23:42:38'),
(1332, 12, 'A12', 'A', '12', '2025-11-29 23:42:38'),
(1333, 12, 'B01', 'B', '01', '2025-11-29 23:42:38'),
(1334, 12, 'B02', 'B', '02', '2025-11-29 23:42:38'),
(1335, 12, 'B03', 'B', '03', '2025-11-29 23:42:38'),
(1336, 12, 'B04', 'B', '04', '2025-11-29 23:42:38'),
(1337, 12, 'B05', 'B', '05', '2025-11-29 23:42:38'),
(1338, 12, 'B06', 'B', '06', '2025-11-29 23:42:38'),
(1339, 12, 'B07', 'B', '07', '2025-11-29 23:42:38'),
(1340, 12, 'B08', 'B', '08', '2025-11-29 23:42:38'),
(1341, 12, 'B09', 'B', '09', '2025-11-29 23:42:38'),
(1342, 12, 'B10', 'B', '10', '2025-11-29 23:42:38'),
(1343, 12, 'B11', 'B', '11', '2025-11-29 23:42:38'),
(1344, 12, 'B12', 'B', '12', '2025-11-29 23:42:38'),
(1345, 12, 'C01', 'C', '01', '2025-11-29 23:42:38'),
(1346, 12, 'C02', 'C', '02', '2025-11-29 23:42:38'),
(1347, 12, 'C03', 'C', '03', '2025-11-29 23:42:38'),
(1348, 12, 'C04', 'C', '04', '2025-11-29 23:42:38'),
(1349, 12, 'C05', 'C', '05', '2025-11-29 23:42:38'),
(1350, 12, 'C06', 'C', '06', '2025-11-29 23:42:38'),
(1351, 12, 'C07', 'C', '07', '2025-11-29 23:42:38'),
(1352, 12, 'C08', 'C', '08', '2025-11-29 23:42:38'),
(1353, 12, 'C09', 'C', '09', '2025-11-29 23:42:38'),
(1354, 12, 'C10', 'C', '10', '2025-11-29 23:42:38'),
(1355, 12, 'C11', 'C', '11', '2025-11-29 23:42:38'),
(1356, 12, 'C12', 'C', '12', '2025-11-29 23:42:38'),
(1357, 12, 'D01', 'D', '01', '2025-11-29 23:42:38'),
(1358, 12, 'D02', 'D', '02', '2025-11-29 23:42:38'),
(1359, 12, 'D03', 'D', '03', '2025-11-29 23:42:38'),
(1360, 12, 'D04', 'D', '04', '2025-11-29 23:42:38'),
(1361, 12, 'D05', 'D', '05', '2025-11-29 23:42:38'),
(1362, 12, 'D06', 'D', '06', '2025-11-29 23:42:38'),
(1363, 12, 'D07', 'D', '07', '2025-11-29 23:42:38'),
(1364, 12, 'D08', 'D', '08', '2025-11-29 23:42:38'),
(1365, 12, 'D09', 'D', '09', '2025-11-29 23:42:38'),
(1366, 12, 'D10', 'D', '10', '2025-11-29 23:42:38'),
(1367, 12, 'D11', 'D', '11', '2025-11-29 23:42:38'),
(1368, 12, 'D12', 'D', '12', '2025-11-29 23:42:38'),
(1369, 12, 'E01', 'E', '01', '2025-11-29 23:42:38'),
(1370, 12, 'E02', 'E', '02', '2025-11-29 23:42:38'),
(1371, 12, 'E03', 'E', '03', '2025-11-29 23:42:38'),
(1372, 12, 'E04', 'E', '04', '2025-11-29 23:42:38'),
(1373, 12, 'E05', 'E', '05', '2025-11-29 23:42:38'),
(1374, 12, 'E06', 'E', '06', '2025-11-29 23:42:38'),
(1375, 12, 'E07', 'E', '07', '2025-11-29 23:42:38'),
(1376, 12, 'E08', 'E', '08', '2025-11-29 23:42:38'),
(1377, 12, 'E09', 'E', '09', '2025-11-29 23:42:38'),
(1378, 12, 'E10', 'E', '10', '2025-11-29 23:42:38'),
(1379, 12, 'E11', 'E', '11', '2025-11-29 23:42:38'),
(1380, 12, 'E12', 'E', '12', '2025-11-29 23:42:38'),
(1381, 12, 'F01', 'F', '01', '2025-11-29 23:42:38'),
(1382, 12, 'F02', 'F', '02', '2025-11-29 23:42:38'),
(1383, 12, 'F03', 'F', '03', '2025-11-29 23:42:38'),
(1384, 12, 'F04', 'F', '04', '2025-11-29 23:42:38'),
(1385, 12, 'F05', 'F', '05', '2025-11-29 23:42:38'),
(1386, 12, 'F06', 'F', '06', '2025-11-29 23:42:38'),
(1387, 12, 'F07', 'F', '07', '2025-11-29 23:42:38'),
(1388, 12, 'F08', 'F', '08', '2025-11-29 23:42:38'),
(1389, 12, 'F09', 'F', '09', '2025-11-29 23:42:38'),
(1390, 12, 'F10', 'F', '10', '2025-11-29 23:42:38'),
(1391, 12, 'F11', 'F', '11', '2025-11-29 23:42:38'),
(1392, 12, 'F12', 'F', '12', '2025-11-29 23:42:38'),
(1393, 12, 'G01', 'G', '01', '2025-11-29 23:42:38'),
(1394, 12, 'G02', 'G', '02', '2025-11-29 23:42:38'),
(1395, 12, 'G03', 'G', '03', '2025-11-29 23:42:38'),
(1396, 12, 'G04', 'G', '04', '2025-11-29 23:42:38'),
(1397, 12, 'G05', 'G', '05', '2025-11-29 23:42:38'),
(1398, 12, 'G06', 'G', '06', '2025-11-29 23:42:38'),
(1399, 12, 'G07', 'G', '07', '2025-11-29 23:42:38'),
(1400, 12, 'G08', 'G', '08', '2025-11-29 23:42:38'),
(1401, 12, 'G09', 'G', '09', '2025-11-29 23:42:38'),
(1402, 12, 'G10', 'G', '10', '2025-11-29 23:42:38'),
(1403, 12, 'G11', 'G', '11', '2025-11-29 23:42:38'),
(1404, 12, 'G12', 'G', '12', '2025-11-29 23:42:38'),
(1405, 12, 'H01', 'H', '01', '2025-11-29 23:42:38'),
(1406, 12, 'H02', 'H', '02', '2025-11-29 23:42:38'),
(1407, 12, 'H03', 'H', '03', '2025-11-29 23:42:38'),
(1408, 12, 'H04', 'H', '04', '2025-11-29 23:42:38'),
(1409, 12, 'H05', 'H', '05', '2025-11-29 23:42:38'),
(1410, 12, 'H06', 'H', '06', '2025-11-29 23:42:38'),
(1411, 12, 'H07', 'H', '07', '2025-11-29 23:42:38'),
(1412, 12, 'H08', 'H', '08', '2025-11-29 23:42:38'),
(1413, 12, 'H09', 'H', '09', '2025-11-29 23:42:38'),
(1414, 12, 'H10', 'H', '10', '2025-11-29 23:42:38'),
(1415, 12, 'H11', 'H', '11', '2025-11-29 23:42:38'),
(1416, 12, 'H12', 'H', '12', '2025-11-29 23:42:38'),
(1417, 12, 'I01', 'I', '01', '2025-11-29 23:42:38'),
(1418, 12, 'I02', 'I', '02', '2025-11-29 23:42:38'),
(1419, 12, 'I03', 'I', '03', '2025-11-29 23:42:38'),
(1420, 12, 'I04', 'I', '04', '2025-11-29 23:42:38'),
(1421, 12, 'I05', 'I', '05', '2025-11-29 23:42:38'),
(1422, 12, 'I06', 'I', '06', '2025-11-29 23:42:38'),
(1423, 12, 'I07', 'I', '07', '2025-11-29 23:42:38'),
(1424, 12, 'I08', 'I', '08', '2025-11-29 23:42:38'),
(1425, 12, 'I09', 'I', '09', '2025-11-29 23:42:38'),
(1426, 12, 'I10', 'I', '10', '2025-11-29 23:42:38'),
(1427, 12, 'I11', 'I', '11', '2025-11-29 23:42:38'),
(1428, 12, 'I12', 'I', '12', '2025-11-29 23:42:38'),
(1429, 12, 'J01', 'J', '01', '2025-11-29 23:42:38'),
(1430, 12, 'J02', 'J', '02', '2025-11-29 23:42:38'),
(1431, 12, 'J03', 'J', '03', '2025-11-29 23:42:38'),
(1432, 12, 'J04', 'J', '04', '2025-11-29 23:42:38'),
(1433, 12, 'J05', 'J', '05', '2025-11-29 23:42:38'),
(1434, 12, 'J06', 'J', '06', '2025-11-29 23:42:38'),
(1435, 12, 'J07', 'J', '07', '2025-11-29 23:42:38'),
(1436, 12, 'J08', 'J', '08', '2025-11-29 23:42:38'),
(1437, 12, 'J09', 'J', '09', '2025-11-29 23:42:38'),
(1438, 12, 'J10', 'J', '10', '2025-11-29 23:42:38'),
(1439, 12, 'J11', 'J', '11', '2025-11-29 23:42:38'),
(1440, 12, 'J12', 'J', '12', '2025-11-29 23:42:38');

-- --------------------------------------------------------

--
-- Struktur dari tabel `sessions`
--

CREATE TABLE `sessions` (
  `id` varchar(255) COLLATE utf8mb4_unicode_ci NOT NULL,
  `user_id` bigint UNSIGNED DEFAULT NULL,
  `ip_address` varchar(45) COLLATE utf8mb4_unicode_ci DEFAULT NULL,
  `user_agent` text COLLATE utf8mb4_unicode_ci,
  `payload` longtext COLLATE utf8mb4_unicode_ci NOT NULL,
  `last_activity` int NOT NULL
) ENGINE=InnoDB DEFAULT CHARSET=utf8mb4 COLLATE=utf8mb4_unicode_ci;

-- --------------------------------------------------------

--
-- Struktur dari tabel `studios`
--

CREATE TABLE `studios` (
  `id_studio` bigint UNSIGNED NOT NULL,
  `id_cabang` bigint UNSIGNED DEFAULT NULL,
  `nama_studio` varchar(50) COLLATE utf8mb4_unicode_ci DEFAULT NULL,
  `tipe_studio` varchar(50) COLLATE utf8mb4_unicode_ci DEFAULT NULL,
  `kapasitas` int DEFAULT NULL,
  `created_at` timestamp NULL DEFAULT NULL,
  `updated_at` timestamp NULL DEFAULT NULL
) ENGINE=InnoDB DEFAULT CHARSET=utf8mb4 COLLATE=utf8mb4_unicode_ci;

--
-- Dumping data untuk tabel `studios`
--

INSERT INTO `studios` (`id_studio`, `id_cabang`, `nama_studio`, `tipe_studio`, `kapasitas`, `created_at`, `updated_at`) VALUES
(1, 1, 'Studio 1', NULL, 120, '2025-11-29 23:42:37', '2025-11-29 23:42:37'),
(2, 1, 'Studio 2', NULL, 120, '2025-11-29 23:42:37', '2025-11-29 23:42:37'),
(3, 1, 'Studio 3', NULL, 120, '2025-11-29 23:42:37', '2025-11-29 23:42:37'),
(4, 2, 'Studio A', NULL, 120, '2025-11-29 23:42:37', '2025-11-29 23:42:37'),
(5, 2, 'Studio B', NULL, 120, '2025-11-29 23:42:37', '2025-11-29 23:42:37'),
(6, 2, 'Studio C', NULL, 120, '2025-11-29 23:42:37', '2025-11-29 23:42:37'),
(7, 3, 'Cinema 1', NULL, 120, '2025-11-29 23:42:37', '2025-11-29 23:42:37'),
(8, 3, 'Cinema 2', NULL, 120, '2025-11-29 23:42:37', '2025-11-29 23:42:37'),
(9, 4, 'Theatre 1', NULL, 120, '2025-11-29 23:42:37', '2025-11-29 23:42:37'),
(10, 4, 'Theatre 2', NULL, 120, '2025-11-29 23:42:37', '2025-11-29 23:42:37'),
(11, 5, 'Hall 1', NULL, 120, '2025-11-29 23:42:37', '2025-11-29 23:42:37'),
(12, 5, 'Hall 2', NULL, 120, '2025-11-29 23:42:37', '2025-11-29 23:42:37');

-- --------------------------------------------------------

--
-- Struktur dari tabel `transaksis`
--

CREATE TABLE `transaksis` (
  `id_transaksi` bigint UNSIGNED NOT NULL,
  `id_pelanggan` bigint UNSIGNED DEFAULT NULL,
  `id_cabang` bigint UNSIGNED DEFAULT NULL,
  `waktu_transaksi` timestamp NULL DEFAULT NULL,
  `metode_pembayaran` varchar(20) COLLATE utf8mb4_unicode_ci DEFAULT NULL,
  `total_bayar` int DEFAULT NULL
) ENGINE=InnoDB DEFAULT CHARSET=utf8mb4 COLLATE=utf8mb4_unicode_ci;

--
-- Dumping data untuk tabel `transaksis`
--

INSERT INTO `transaksis` (`id_transaksi`, `id_pelanggan`, `id_cabang`, `waktu_transaksi`, `metode_pembayaran`, `total_bayar`) VALUES
(1, 1, 1, '2025-11-29 03:30:00', 'Credit Card', 150000),
(2, 2, 1, '2025-11-29 04:15:00', 'Cash', 100000),
(3, 3, 2, '2025-11-29 05:00:00', 'E-Wallet', 200000),
(4, 4, 2, '2025-11-29 06:30:00', 'Debit Card', 120000),
(5, 5, 3, '2025-11-29 07:45:00', 'Credit Card', 180000),
(6, 6, 3, '2025-11-29 09:20:00', 'Bank Transfer', 160000),
(7, 7, 4, '2025-11-29 10:10:00', 'E-Wallet', 140000),
(8, 8, 5, '2025-11-29 11:30:00', 'Cash', 300000);

-- --------------------------------------------------------

--
-- Struktur dari tabel `users`
--

CREATE TABLE `users` (
  `id` bigint UNSIGNED NOT NULL,
  `name` varchar(255) COLLATE utf8mb4_unicode_ci NOT NULL,
  `email` varchar(255) COLLATE utf8mb4_unicode_ci NOT NULL,
  `email_verified_at` timestamp NULL DEFAULT NULL,
  `password` varchar(255) COLLATE utf8mb4_unicode_ci NOT NULL,
  `role` varchar(255) COLLATE utf8mb4_unicode_ci NOT NULL DEFAULT 'kasir',
  `remember_token` varchar(100) COLLATE utf8mb4_unicode_ci DEFAULT NULL,
  `created_at` timestamp NULL DEFAULT NULL,
  `updated_at` timestamp NULL DEFAULT NULL
) ENGINE=InnoDB DEFAULT CHARSET=utf8mb4 COLLATE=utf8mb4_unicode_ci;

--
-- Dumping data untuk tabel `users`
--

INSERT INTO `users` (`id`, `name`, `email`, `email_verified_at`, `password`, `role`, `remember_token`, `created_at`, `updated_at`) VALUES
(1, 'Test User', 'test@example.com', '2025-11-29 23:42:36', '$2y$12$KdhpQ3aMPvg6pcgI5zCuiOpVnb7GYpXw4ZIuGVlSZsAi68qD3/Eje', 'kasir', 'c2lzue2Avl', '2025-11-29 23:42:37', '2025-11-29 23:42:37'),
(2, 'Admin', 'admin@bioskop.com', '2025-11-29 23:42:37', '$2y$12$WN2TeRsWcD0avKaoB.DceuiT4piKzQyFK1zl21ZxUynd4qMmlC/Ca', 'admin', NULL, '2025-11-29 23:42:37', '2025-11-29 23:42:37'),
(3, 'Kasir', 'kasir@bioskop.com', '2025-11-29 23:42:37', '$2y$12$0BhsWJKbe0oCQ8IVY6GGq.FPQUuVvceRfqO9ddtQJT8Ba6L92VaHa', 'kasir', NULL, '2025-11-29 23:42:37', '2025-11-29 23:42:37'),
(4, 'John Doe', 'john.doe@bioskop.com', '2025-11-29 23:42:37', '$2y$12$et/.J0Y4zC61vuMAmAbdEe22YRwjyXy3mqZLNh992GIGCGfqw2Soi', 'kasir', NULL, '2025-11-29 23:42:37', '2025-11-29 23:42:37');

--
-- Indexes for dumped tables
--

--
-- Indeks untuk tabel `cabangs`
--
ALTER TABLE `cabangs`
  ADD PRIMARY KEY (`id_cabang`);

--
-- Indeks untuk tabel `cache`
--
ALTER TABLE `cache`
  ADD PRIMARY KEY (`key`);

--
-- Indeks untuk tabel `cache_locks`
--
ALTER TABLE `cache_locks`
  ADD PRIMARY KEY (`key`);

--
-- Indeks untuk tabel `detail_transaksis`
--
ALTER TABLE `detail_transaksis`
  ADD PRIMARY KEY (`id_detail_transaksi`),
  ADD KEY `detail_transaksis_id_transaksi_foreign` (`id_transaksi`),
  ADD KEY `detail_transaksis_id_jadwal_foreign` (`id_jadwal`),
  ADD KEY `detail_transaksis_seat_id_foreign` (`seat_id`),
  ADD KEY `detail_transaksis_id_studio_foreign` (`id_studio`);

--
-- Indeks untuk tabel `failed_jobs`
--
ALTER TABLE `failed_jobs`
  ADD PRIMARY KEY (`id`),
  ADD UNIQUE KEY `failed_jobs_uuid_unique` (`uuid`);

--
-- Indeks untuk tabel `films`
--
ALTER TABLE `films`
  ADD PRIMARY KEY (`id_film`);

--
-- Indeks untuk tabel `jadwal_tayangs`
--
ALTER TABLE `jadwal_tayangs`
  ADD PRIMARY KEY (`id_jadwal`),
  ADD KEY `jadwal_tayangs_id_studio_foreign` (`id_studio`),
  ADD KEY `jadwal_tayangs_id_film_foreign` (`id_film`);

--
-- Indeks untuk tabel `jobs`
--
ALTER TABLE `jobs`
  ADD PRIMARY KEY (`id`),
  ADD KEY `jobs_queue_index` (`queue`);

--
-- Indeks untuk tabel `job_batches`
--
ALTER TABLE `job_batches`
  ADD PRIMARY KEY (`id`);

--
-- Indeks untuk tabel `log_transaksis`
--
ALTER TABLE `log_transaksis`
  ADD PRIMARY KEY (`id`),
  ADD KEY `log_transaksis_id_cabang_foreign` (`id_cabang`),
  ADD KEY `log_transaksis_id_pelanggan_foreign` (`id_pelanggan`),
  ADD KEY `log_transaksis_id_studio_foreign` (`id_studio`),
  ADD KEY `log_transaksis_id_film_foreign` (`id_film`),
  ADD KEY `log_transaksis_id_jadwal_foreign` (`id_jadwal`),
  ADD KEY `log_transaksis_seat_id_foreign` (`seat_id`),
  ADD KEY `log_transaksis_id_transaksi_foreign` (`id_transaksi`),
  ADD KEY `log_transaksis_id_detail_transaksi_foreign` (`id_detail_transaksi`);

--
-- Indeks untuk tabel `migrations`
--
ALTER TABLE `migrations`
  ADD PRIMARY KEY (`id`);

--
-- Indeks untuk tabel `password_reset_tokens`
--
ALTER TABLE `password_reset_tokens`
  ADD PRIMARY KEY (`email`);

--
-- Indeks untuk tabel `pelanggans`
--
ALTER TABLE `pelanggans`
  ADD PRIMARY KEY (`id_pelanggan`);

--
-- Indeks untuk tabel `seat_maps`
--
ALTER TABLE `seat_maps`
  ADD PRIMARY KEY (`seat_id`),
  ADD KEY `seat_maps_id_studio_foreign` (`id_studio`);

--
-- Indeks untuk tabel `sessions`
--
ALTER TABLE `sessions`
  ADD PRIMARY KEY (`id`),
  ADD KEY `sessions_user_id_index` (`user_id`),
  ADD KEY `sessions_last_activity_index` (`last_activity`);

--
-- Indeks untuk tabel `studios`
--
ALTER TABLE `studios`
  ADD PRIMARY KEY (`id_studio`),
  ADD KEY `studios_id_cabang_foreign` (`id_cabang`);

--
-- Indeks untuk tabel `transaksis`
--
ALTER TABLE `transaksis`
  ADD PRIMARY KEY (`id_transaksi`),
  ADD KEY `transaksis_id_pelanggan_foreign` (`id_pelanggan`),
  ADD KEY `transaksis_id_cabang_foreign` (`id_cabang`);

--
-- Indeks untuk tabel `users`
--
ALTER TABLE `users`
  ADD PRIMARY KEY (`id`),
  ADD UNIQUE KEY `users_email_unique` (`email`);

--
-- AUTO_INCREMENT untuk tabel yang dibuang
--

--
-- AUTO_INCREMENT untuk tabel `cabangs`
--
ALTER TABLE `cabangs`
  MODIFY `id_cabang` bigint UNSIGNED NOT NULL AUTO_INCREMENT, AUTO_INCREMENT=6;

--
-- AUTO_INCREMENT untuk tabel `detail_transaksis`
--
ALTER TABLE `detail_transaksis`
  MODIFY `id_detail_transaksi` bigint UNSIGNED NOT NULL AUTO_INCREMENT, AUTO_INCREMENT=21;

--
-- AUTO_INCREMENT untuk tabel `failed_jobs`
--
ALTER TABLE `failed_jobs`
  MODIFY `id` bigint UNSIGNED NOT NULL AUTO_INCREMENT;

--
-- AUTO_INCREMENT untuk tabel `films`
--
ALTER TABLE `films`
  MODIFY `id_film` bigint UNSIGNED NOT NULL AUTO_INCREMENT, AUTO_INCREMENT=9;

--
-- AUTO_INCREMENT untuk tabel `jadwal_tayangs`
--
ALTER TABLE `jadwal_tayangs`
  MODIFY `id_jadwal` bigint UNSIGNED NOT NULL AUTO_INCREMENT, AUTO_INCREMENT=36;

--
-- AUTO_INCREMENT untuk tabel `jobs`
--
ALTER TABLE `jobs`
  MODIFY `id` bigint UNSIGNED NOT NULL AUTO_INCREMENT;

--
-- AUTO_INCREMENT untuk tabel `log_transaksis`
--
ALTER TABLE `log_transaksis`
  MODIFY `id` bigint UNSIGNED NOT NULL AUTO_INCREMENT;

--
-- AUTO_INCREMENT untuk tabel `migrations`
--
ALTER TABLE `migrations`
  MODIFY `id` int UNSIGNED NOT NULL AUTO_INCREMENT, AUTO_INCREMENT=25;

--
-- AUTO_INCREMENT untuk tabel `pelanggans`
--
ALTER TABLE `pelanggans`
  MODIFY `id_pelanggan` bigint UNSIGNED NOT NULL AUTO_INCREMENT, AUTO_INCREMENT=9;

--
-- AUTO_INCREMENT untuk tabel `seat_maps`
--
ALTER TABLE `seat_maps`
  MODIFY `seat_id` bigint UNSIGNED NOT NULL AUTO_INCREMENT, AUTO_INCREMENT=1441;

--
-- AUTO_INCREMENT untuk tabel `studios`
--
ALTER TABLE `studios`
  MODIFY `id_studio` bigint UNSIGNED NOT NULL AUTO_INCREMENT, AUTO_INCREMENT=13;

--
-- AUTO_INCREMENT untuk tabel `transaksis`
--
ALTER TABLE `transaksis`
  MODIFY `id_transaksi` bigint UNSIGNED NOT NULL AUTO_INCREMENT, AUTO_INCREMENT=9;

--
-- AUTO_INCREMENT untuk tabel `users`
--
ALTER TABLE `users`
  MODIFY `id` bigint UNSIGNED NOT NULL AUTO_INCREMENT, AUTO_INCREMENT=5;

--
-- Ketidakleluasaan untuk tabel pelimpahan (Dumped Tables)
--

--
-- Ketidakleluasaan untuk tabel `detail_transaksis`
--
ALTER TABLE `detail_transaksis`
  ADD CONSTRAINT `detail_transaksis_id_jadwal_foreign` FOREIGN KEY (`id_jadwal`) REFERENCES `jadwal_tayangs` (`id_jadwal`),
  ADD CONSTRAINT `detail_transaksis_id_studio_foreign` FOREIGN KEY (`id_studio`) REFERENCES `studios` (`id_studio`),
  ADD CONSTRAINT `detail_transaksis_id_transaksi_foreign` FOREIGN KEY (`id_transaksi`) REFERENCES `transaksis` (`id_transaksi`) ON DELETE CASCADE,
  ADD CONSTRAINT `detail_transaksis_seat_id_foreign` FOREIGN KEY (`seat_id`) REFERENCES `seat_maps` (`seat_id`);

--
-- Ketidakleluasaan untuk tabel `jadwal_tayangs`
--
ALTER TABLE `jadwal_tayangs`
  ADD CONSTRAINT `jadwal_tayangs_id_film_foreign` FOREIGN KEY (`id_film`) REFERENCES `films` (`id_film`) ON DELETE CASCADE,
  ADD CONSTRAINT `jadwal_tayangs_id_studio_foreign` FOREIGN KEY (`id_studio`) REFERENCES `studios` (`id_studio`) ON DELETE CASCADE;

--
-- Ketidakleluasaan untuk tabel `log_transaksis`
--
ALTER TABLE `log_transaksis`
  ADD CONSTRAINT `log_transaksis_id_cabang_foreign` FOREIGN KEY (`id_cabang`) REFERENCES `cabangs` (`id_cabang`),
  ADD CONSTRAINT `log_transaksis_id_detail_transaksi_foreign` FOREIGN KEY (`id_detail_transaksi`) REFERENCES `detail_transaksis` (`id_detail_transaksi`),
  ADD CONSTRAINT `log_transaksis_id_film_foreign` FOREIGN KEY (`id_film`) REFERENCES `films` (`id_film`),
  ADD CONSTRAINT `log_transaksis_id_jadwal_foreign` FOREIGN KEY (`id_jadwal`) REFERENCES `jadwal_tayangs` (`id_jadwal`),
  ADD CONSTRAINT `log_transaksis_id_pelanggan_foreign` FOREIGN KEY (`id_pelanggan`) REFERENCES `pelanggans` (`id_pelanggan`),
  ADD CONSTRAINT `log_transaksis_id_studio_foreign` FOREIGN KEY (`id_studio`) REFERENCES `studios` (`id_studio`),
  ADD CONSTRAINT `log_transaksis_id_transaksi_foreign` FOREIGN KEY (`id_transaksi`) REFERENCES `transaksis` (`id_transaksi`),
  ADD CONSTRAINT `log_transaksis_seat_id_foreign` FOREIGN KEY (`seat_id`) REFERENCES `seat_maps` (`seat_id`);

--
-- Ketidakleluasaan untuk tabel `seat_maps`
--
ALTER TABLE `seat_maps`
  ADD CONSTRAINT `seat_maps_id_studio_foreign` FOREIGN KEY (`id_studio`) REFERENCES `studios` (`id_studio`) ON DELETE CASCADE;

--
-- Ketidakleluasaan untuk tabel `studios`
--
ALTER TABLE `studios`
  ADD CONSTRAINT `studios_id_cabang_foreign` FOREIGN KEY (`id_cabang`) REFERENCES `cabangs` (`id_cabang`) ON DELETE CASCADE;

--
-- Ketidakleluasaan untuk tabel `transaksis`
--
ALTER TABLE `transaksis`
  ADD CONSTRAINT `transaksis_id_cabang_foreign` FOREIGN KEY (`id_cabang`) REFERENCES `cabangs` (`id_cabang`) ON DELETE CASCADE,
  ADD CONSTRAINT `transaksis_id_pelanggan_foreign` FOREIGN KEY (`id_pelanggan`) REFERENCES `pelanggans` (`id_pelanggan`) ON DELETE CASCADE;
COMMIT;

/*!40101 SET CHARACTER_SET_CLIENT=@OLD_CHARACTER_SET_CLIENT */;
/*!40101 SET CHARACTER_SET_RESULTS=@OLD_CHARACTER_SET_RESULTS */;
/*!40101 SET COLLATION_CONNECTION=@OLD_COLLATION_CONNECTION */;
